Workbook

Sheet PREGÕES CONSOLIDADOS
A1: PREGÃO | B1: ITEM | C1: VEÍCULO | D1: NOMENCLATURA | E1: QTD TR | F1: QTD EMPENHADO | G1: QNT DISPONÍVEL | H1: VALOR UNITÁRIO | I1: VALOR TOTAL | J1: OM TERMO DE REFERÊNCIA | K1: MARCA/MODELO | L1: CNPJ | M1: EMPRESA | N1: CONTATO | O1: E-MAIL | P1: ATA | Q1: VIGÊNCIA | R1: OBSERVAÇÃO
A2: 233_2023 | B2: 1 | C2: E-1 | D2: AMBULÂNCIA DE SUPORTE BÁSICO DE VIDA | E2: 17 | F2: ='233_2023'!E3 -> 13 | G2: ='233_2023'!F3 -> 4 | H2: 334800 | I2: 5691600 | K2: RENAULT - MASTER L3H2 | L2: 38.120.508/0001-04 | M2: G10 TRANSFORMADORA, COMERCIO E SERVICOS LTDA | O2: g10transformadora@gmail.com | P2: 1316/2023 | Q2: 45680
A3: 233_2023 | B3: 2 | C3: E-2 | D3: AMBULÂNCIA DE SUPORTE AVANÇADO DE VIDA | E3: 13 | F3: ='233_2023'!E4 -> 2 | G3: ='233_2023'!F4 -> 11 | H3: 529000 | I3: 6877000 | K3: RENAULT - MASTER L3H2 | L3: 51.552.005/0001-68 | M3: NOVO HORIZONTE COMERCIO E SERVICOS LTDA | P3: 1311/2023 | Q3: 45680 | R3: QTD DISPONÍVEL ERRADA SILOMS
A4: 247_2023 | B4: 1 | C4: C-1/01A/DTS | D4: CAMINHÃO LEVE | E4: 1 | F4: ='247_2023'!E3 -> 1 | G4: ='247_2023'!F3 -> 0 | H4: 305000 | I4: 305000 | J4: CINDACTA 1 | K4: HYUNDAI/ HD80 COM CARROCERIA | L4: 34.263.393/0001-48 | M4: DELTA COMERCIAL E SERVICOS LTDA | N4: 62 98538-1830 | O4: deltacomercial08@gmail.com | P4: 1006 | Q4: 45696
A5: 247_2023 | B5: 1 | C5: C-1/01A/DTS | D5: CAMINHÃO LEVE | E5: 1 | F5: ='247_2023'!E4 -> 1 | G5: ='247_2023'!F4 -> 0 | H5: 305000 | I5: 305000 | J5: CRCEA-SE | K5: HYUNDAI/ HD80 COM CARROCERIA | L5: 34.263.393/0001-48 | M5: DELTA COMERCIAL E SERVICOS LTDA | N5: 62 98538-1830 | O5: deltacomercial08@gmail.com | P5: 1006 | Q5: 45696
A6: 247_2023 | B6: 2 | C6: C-4/01A/DTS | D6: FURGÃO LEVE | E6: 1 | F6: ='247_2023'!E5 -> 1 | G6: ='247_2023'!F5 -> 0 | H6: 144000 | I6: 144000 | J6: DECEA | K6: PEUGEOT PARTNER | L6: 51.552.005/0001-68 | M6: NOVO HORIZONTE COMERCIO E SERVIÇOS LTDA | N6: (62) 32286752 | O6: admnovohorizontecomercio@gmail.com nhcomercio.vendas02@gmail.com | P6: 1326 | Q6: 45654
A7: 247_2023 | B7: 2 | C7: C-4/01A/DTS | D7: FURGÃO LEVE | E7: 1 | F7: ='247_2023'!E6 -> 1 | G7: ='247_2023'!F6 -> 0 | H7: 144000 | I7: 144000 | J7: BACG | K7: PEUGEOT PARTNER | L7: 51.552.005/0001-68 | M7: NOVO HORIZONTE COMERCIO E SERVIÇOS LTDA | N7: (62) 32286752 | O7: admnovohorizontecomercio@gmail.com nhcomercio.vendas02@gmail.com | P7: 1326 | Q7: 45654
A8: 247_2023 | B8: 2 | C8: C-4/01A/DTS | D8: FURGÃO LEVE | E8: 1 | F8: ='247_2023'!E7 -> 1 | G8: ='247_2023'!F7 -> 0 | H8: 144000 | I8: 144000 | J8: BAPV | K8: PEUGEOT PARTNER | L8: 51.552.005/0001-68 | M8: NOVO HORIZONTE COMERCIO E SERVIÇOS LTDA | N8: (62) 32286752 | O8: admnovohorizontecomercio@gmail.com nhcomercio.vendas02@gmail.com | P8: 1326 | Q8: 45654
A9: 247_2023 | B9: 2 | C9: C-4/01A/DTS | D9: FURGÃO LEVE | E9: 3 | F9: ='247_2023'!E8 -> 2 | G9: ='247_2023'!F8 -> 1 | H9: 144000 | I9: 432000 | J9: CINDACTA 3 | K9: PEUGEOT PARTNER | L9: 51.552.005/0001-68 | M9: NOVO HORIZONTE COMERCIO E SERVIÇOS LTDA | N9: (62) 32286752 | O9: admnovohorizontecomercio@gmail.com nhcomercio.vendas02@gmail.com | P9: 1326 | Q9: 45654
A10: 247_2023 | B10: 3 | C10: C-4/02A/DTS | D10: FURGÃO LEVE (TIPO VAN) | E10: 1 | F10: ='247_2023'!E9 -> 1 | G10: ='247_2023'!F9 -> 0 | H10: 253684 | I10: 253684 | J10: CINDACTA 2 | K10: FIAT/ NOVA DUCATO CARGO 2.2 DIESEL 2024 | L10: 16.701.716/0001-56 | M10: FCA FIAT CHRYSLER AUTOMOVEIS BRASIL LTDA | N10: 11 993795516 | O10: graziela.souza@stellantis.com // rodrigo.magalhaes@stellantis.com | P10: 1323 | Q10: 45654
A11: 247_2023 | B11: 3 | C11: C-4/02A/DTS | D11: FURGÃO LEVE (TIPO VAN) | E11: 1 | F11: ='247_2023'!E10 -> 1 | G11: ='247_2023'!F10 -> 0 | H11: 253684 | I11: 253684 | J11: CISCEA | K11: FIAT/ NOVA DUCATO CARGO 2.2 DIESEL 2024 | L11: 16.701.716/0001-56 | M11: FCA FIAT CHRYSLER AUTOMOVEIS BRASIL LTDA | N11: 11 993795516 | O11: graziela.souza@stellantis.com // rodrigo.magalhaes@stellantis.com | P11: 1323 | Q11: 45654
A12: 247_2023 | B12: 3 | C12: C-4/02A/DTS | D12: FURGÃO LEVE (TIPO VAN) | E12: 1 | F12: ='247_2023'!E11 -> 1 | G12: ='247_2023'!F11 -> 0 | H12: 253684 | I12: 253684 | J12: CRCEA-SE | K12: FIAT/ NOVA DUCATO CARGO 2.2 DIESEL 2024 | L12: 16.701.716/0001-56 | M12: FCA FIAT CHRYSLER AUTOMOVEIS BRASIL LTDA | N12: 11 993795516 | O12: graziela.souza@stellantis.com // rodrigo.magalhaes@stellantis.com | P12: 1323 | Q12: 45654
A13: 247_2023 | B13: 3 | C13: C-4/02A/DTS | D13: FURGÃO LEVE (TIPO VAN) | E13: 1 | F13: ='247_2023'!E12 -> 1 | G13: ='247_2023'!F12 -> 0 | H13: 253684 | I13: 253684 | J13: GABAER | K13: FIAT/ NOVA DUCATO CARGO 2.2 DIESEL 2024 | L13: 16.701.716/0001-56 | M13: FCA FIAT CHRYSLER AUTOMOVEIS BRASIL LTDA | N13: 11 993795516 | O13: graziela.souza@stellantis.com // rodrigo.magalhaes@stellantis.com | P13: 1323 | Q13: 45654
A14: 247_2023 | B14: 4 | C14: C-5/02A/DTS | D14: CAMINHÃO BAÚ | E14: 1 | F14: ='247_2023'!E13 -> 1 | G14: ='247_2023'!F13 -> 0 | H14: 518980 | I14: 518980 | J14: CINDACTA 4 | K14: IVECO/ TECTOR 150E21 (4x2) | L14: 46.135.499/0001-45 | M14: FORZA DISTRIBUIDORA LTDA | N14: (62) 9 9967-4771 | O14: temporarioforza@gmail.com | P14: 1007 | Q14: 45716
A15: 247_2023 | B15: 4 | C15: C-5/02A/DTS | D15: CAMINHÃO BAÚ | E15: 1 | F15: ='247_2023'!E14 -> 1 | G15: ='247_2023'!F14 -> 0 | H15: 518980 | I15: 518980 | J15: CISCEA | K15: IVECO/ TECTOR 150E21 (4x2) | L15: 46.135.499/0001-45 | M15: FORZA DISTRIBUIDORA LTDA | N15: (62) 9 9967-4771 | O15: temporarioforza@gmail.com | P15: 1007 | Q15: 45716
... A19: 247_2023 | B19: 5 | C19: C-6/01A/DTS | D19: PICK UP CABINE SIMPLES | E19: 1 | F19: ='247_2023'!E18 -> 1 | G19: ='247_2023'!F18 -> 0 | H19: 103229 | I19: 103229 | J19: GAP-RF | K19: NOVA STRADA FREEDOM CP MT | L19: 16.701.716/0001-56 | M19: FCA FIAT CHRYSLER AUTOMOVEIS BRASIL LTDA | N19: 11 993795516 | O19: graziela.souza@stellantis.com // rodrigo.magalhaes@stellantis.com | P19: 1323 | Q19: 45654
A20: 247_2023 | B20: 6 | C20: C-7/01A/DTS | D20: CAMINHÃO TRUCADO | E20: ='247_2023'!E19 -> 1 | F20: ='247_2023'!E19 -> 1 | G20: ='247_2023'!F19 -> 0 | H20: 595000 | I20: 595000 | J20: PAMERJ | K20: VOLKSWAGEN MODELO 26.260 CONSTELLATION | L20: 11.726.521/0020-00 | M20: TRANSRIO CAMINHOES, ONIBUS, MAQUINAS E MOTORES LTDA | N20: 12 974072062 ou 12 988939333 | O20: marcus.turner@hotmail.com////Edson.aguiar@transrio.com.br | P20: 1325 | Q20: 45696
A21: 247_2023 | B21: 7 | C21: C-9/01A/DTS | D21: REBOQUE CARGA | E21: 4 | F21: ='247_2023'!E20 -> 4 | G21: ='247_2023'!F20 -> 0 | H21: 13682 | I21: 54728 | J21: CINDACTA 3 | K21: CARRETAS RUSSO/ R - RUSSO 1700 1E | L21: 35.157.698/0001-38 | M21: MWD NEGOCIOS & SOLUCOES EIRELI | N21: (22) 998644296 | O21: mwdlicitacao@gmail.com | P21: 1005 | Q21: 45696
A22: 247_2023 | B22: 8 | C22: E-4/02A/DTS | D22: CAMINHÃO-PIPA | E22: 4 | F22: ='247_2023'!E21 -> 3 | G22: ='247_2023'!F21 -> 1 | H22: 790000 | I22: 3160000 | J22: CINDACTA 1 | K22: VOLKSWAGEN TRUCK & BUS IND VEIC AUTOMOTORES | L22: 11.726.521/0020-00 | M22: TRANSRIO CAMINHOES, ONIBUS, MAQUINAS E MOTORES LTDA | N22: 12 974072062 ou 12 988939333 | O22: marcus.turner@hotmail.com////Edson.aguiar@transrio.com.br | P22: 1325 | Q22: 45696
A23: 247_2023 | B23: 9 | C23: E-8/01A/DTS | D23: CARRO GUINCHO SOCORRO LEVE | E23: 1 | F23: ='247_2023'!E22 -> 1 | G23: ='247_2023'!F22 -> 0 | H23: 649900 | I23: 649900 | J23: CINDACTA 2 | K23: VOLKSWAGEN / 14210 PLATAFORMA AUTO SOCORRO | L23: 11.726.521/0020-00 | M23: TRANSRIO CAMINHOES, ONIBUS, MAQUINAS E MOTORES LTDA | N23: 12 974072062 ou 12 988939333 | O23: marcus.turner@hotmail.com////Edson.aguiar@transrio.com.br | P23: 1325 | Q23: 45696
A24: 247_2023 | B24: 9 | C24: E-8/01A/DTS | D24: CARRO GUINCHO SOCORRO LEVE | E24: 1 | F24: ='247_2023'!E23 -> 0 | G24: ='247_2023'!F23 -> 1 | H24: 649900 | I24: 649900 | J24: GAP-SP | K24: VOLKSWAGEN / 14210 PLATAFORMA AUTO SOCORRO | L24: 11.726.521/0020-00 | M24: TRANSRIO CAMINHOES, ONIBUS, MAQUINAS E MOTORES LTDA | N24: 12 974072062 ou 12 988939333 | O24: marcus.turner@hotmail.com////Edson.aguiar@transrio.com.br | P24: 1325 | Q24: 45696
A25: 247_2023 | B25: 10 | C25: E-10/02A/DTS | D25: EMPILHADEIRA | E25: 1 | F25: ='247_2023'!E24 -> x | G25: ='247_2023'!F24 -> x | H25: REVOGADO | I25: R$ - | K25: x | L25: x | M25: x | P25: x | Q25: x | R25: x
A26: 247_2023 | B26: 10 | C26: E-10/02A/DTS | D26: EMPILHADEIRA | E26: 1 | F26: ='247_2023'!E25 -> x | G26: ='247_2023'!F25 -> x | H26: REVOGADO | I26: R$ - | J26: CINDACTA 2 | K26: x | L26: x | M26: x | P26: x | Q26: x | R26: x
A27: 247_2023 | B27: 10 | C27: E-10/02A/DTS | D27: EMPILHADEIRA | E27: 4 | F27: ='247_2023'!E26 -> x | G27: ='247_2023'!F26 -> x | H27: REVOGADO | I27: R$ - | J27: CINDACTA 3 | K27: x | L27: x | M27: x | P27: x | Q27: x | R27: x
A28: 247_2023 | B28: 10 | C28: E-10/02A/DTS | D28: EMPILHADEIRA | E28: 1 | F28: ='247_2023'!E27 -> x | G28: ='247_2023'!F27 -> x | H28: REVOGADO | I28: R$ - | J28: CINDACTA 4 | K28: x | L28: x | M28: x | P28: x | Q28: x | R28: x
A29: 247_2023 | B29: 10 | C29: E-10/02A/DTS | D29: EMPILHADEIRA | E29: 1 | F29: ='247_2023'!E28 -> x | G29: ='247_2023'!F28 -> x | H29: REVOGADO | I29: R$ - | J29: CRCEA-SE | K29: x | L29: x | M29: x | P29: x | Q29: x | R29: x
A30: 247_2023 | B30: 11 | C30: E-12/03B/DTS | D30: TRATOR DE RODAS COM ROÇADEIRA | E30: 1 | F30: ='247_2023'!E29 -> x | G30: ='247_2023'!F29 -> x | I30: R$ - | J30: ERA PRA ONDE? | K30: x | L30: x | M30: x | P30: x | Q30: x | R30: x
A31: 247_2023 | B31: 11 | C31: E-12/03B/DTS | D31: TRATOR DE RODAS COM ROÇADEIRA | E31: 4 | F31: ='247_2023'!E30 -> x | G31: ='247_2023'!F30 -> x | I31: R$ - | J31: CINDACTA 3 | K31: x | L31: x | M31: x | P31: x | Q31: x | R31: x
A32: 247_2023 | B32: 11 | C32: E-12/03B/DTS | D32: TRATOR DE RODAS COM ROÇADEIRA | E32: 1 | F32: ='247_2023'!E31 -> x | G32: ='247_2023'!F31 -> x | I32: R$ - | J32: GAP-MN | K32: x | L32: x | M32: x | P32: x | Q32: x | R32: x
A33: 247_2023 | B33: 12 | C33: E-13/01A/DTS | D33: TRATOR DE ESTEIRAS | E33: 1 | F33: ='247_2023'!E32 -> 0 | G33: ='247_2023'!F32 -> 1 | H33: 1189999.8 | I33: 1189999.8 | J33: CPBV | K33: UNFORKLIFT/ UN16YE
A34: 247_2023 | B34: 13 | C34: E-14/01A/DTS | D34: MICROTRATOR COM APARADOR DE GRAMA | E34: 13 | F34: ='247_2023'!E33 -> x | G34: ='247_2023'!F33 -> x | I34: R$ - | J34: ERA PRA ONDE? | K34: x | L34: x | M34: x | P34: x | Q34: x | R34: x
A35: 247_2023 | B35: 14 | C35: E-15/01A/DTS | D35: CAMINHÃO EQUIPADO COM GUINDASTE HIDRÁULICO | E35: 1 | F35: ='247_2023'!E34 -> 1 | G35: ='247_2023'!F34 -> 0 | H35: 979980 | I35: 979980 | J35: CINDACTA 1 | K35: VOLVO/ VMX 290 (6x4) | L35: 46.135.499/0001-45 | M35: FORZA DISTRIBUIDORA LTDA | N35: (62) 9 9967-4771 | O35: temporarioforza@gmail.com | P35: 1007 | Q35: 45716
A36: 247_2023 | B36: 14 | C36: E-15/01A/DTS | D36: CAMINHÃO EQUIPADO COM GUINDASTE HIDRÁULICO | E36: 1 | F36: ='247_2023'!E35 -> 1 | G36: ='247_2023'!F35 -> 0 | H36: 979980 | I36: 979980 | J36: CINDACTA 2 | K36: VOLVO/ VMX 290 (6x4) | L36: 46.135.499/0001-45 | M36: FORZA DISTRIBUIDORA LTDA | N36: (62) 9 9967-4771 | O36: temporarioforza@gmail.com | P36: 1007 | Q36: 45716
A37: 247_2023 | B37: 14 | C37: E-15/01A/DTS | D37: CAMINHÃO EQUIPADO COM GUINDASTE HIDRÁULICO | E37: 1 | F37: ='247_2023'!E36 -> 1 | G37: ='247_2023'!F36 -> 0 | H37: 979980 | I37: 979980 | J37: CINDACTA 3 | K37: VOLVO/ VMX 290 (6x4) | L37: 46.135.499/0001-45 | M37: FORZA DISTRIBUIDORA LTDA | N37: (62) 9 9967-4771 | O37: temporarioforza@gmail.com | P37: 1007 | Q37: 45716
A38: 247_2023 | B38: 14 | C38: E-15/01A/DTS | D38: CAMINHÃO EQUIPADO COM GUINDASTE HIDRÁULICO | E38: 1 | F38: ='247_2023'!E37 -> 1 | G38: ='247_2023'!F37 -> 0 | H38: 979980 | I38: 979980 | J38: GAP-AF | K38: VOLVO/ VMX 290 (6x4) | L38: 46.135.499/0001-45 | M38: FORZA DISTRIBUIDORA LTDA | N38: (62) 9 9967-4771 | O38: temporarioforza@gmail.com | P38: 1007 | Q38: 45716
A39: 247_2023 | B39: 14 | C39: E-15/01A/DTS | D39: CAMINHÃO EQUIPADO COM GUINDASTE HIDRÁULICO | E39: 1 | F39: ='247_2023'!E38 -> 1 | G39: ='247_2023'!F38 -> 0 | H39: 979980 | I39: 979980 | J39: GAP-SJ | K39: VOLVO/ VMX 290 (6x4) | L39: 46.135.499/0001-45 | M39: FORZA DISTRIBUIDORA LTDA | N39: (62) 9 9967-4771 | O39: temporarioforza@gmail.com | P39: 1007 | Q39: 45716
A40: 247_2023 | B40: 15 | C40: E-16/01A/DTS | D40: CAMINHÃO EQUIPADO COM ELEVADOR HIDRÁULICO E CESTO AÉREO | E40: 1 | F40: ='247_2023'!E39 -> 1 | G40: ='247_2023'!F39 -> 0 | H40: 592400 | I40: 592400 | J40: GAP-SJ | K40: VOLKSWAGEN/9180 COM ELEVADOR HIDRAULICO E CESTO AEREO | L40: 11.726.521/0020-00 | M40: TRANSRIO CAMINHOES, ONIBUS, MAQUINAS E MOTORES LTDA | N40: 12 974072062 ou 12 988939333 | O40: marcus.turner@hotmail.com////Edson.aguiar@transrio.com.br | P40: 1325 | Q40: 45696
A41: 247_2023 | B41: 16 | C41: E-17/01A/DTS | D41: RETROESCAVADEIRA COM PÁ CARREGADEIRA | E41: 1 | F41: ='247_2023'!E40 -> X | G41: ='247_2023'!F40 -> X | H41: 474000 | I41: 474000 | J41: AFA | R41: AGUARDANDO RECURSO
A42: 247_2023 | B42: 16 | C42: E-17/01A/DTS | D42: RETROESCAVADEIRA COM PÁ CARREGADEIRA | E42: 1 | F42: ='247_2023'!E41 -> X | G42: ='247_2023'!F41 -> X | H42: 474000 | I42: 474000 | J42: BACG | R42: AGUARDANDO RECURSO
A43: 247_2023 | B43: 16 | C43: E-17/01A/DTS | D43: RETROESCAVADEIRA COM PÁ CARREGADEIRA | E43: 1 | F43: ='247_2023'!E42 -> X | G43: ='247_2023'!F42 -> X | H43: 474000 | I43: 474000 | J43: BAFL | R43: AGUARDANDO RECURSO
A44: 247_2023 | B44: 16 | C44: E-17/01A/DTS | D44: RETROESCAVADEIRA COM PÁ CARREGADEIRA | E44: 1 | F44: ='247_2023'!E43 -> X | G44: ='247_2023'!F43 -> X | H44: 474000 | I44: 474000 | J44: CPBV | R44: AGUARDANDO RECURSO
A45: 247_2023 | B45: 17 | C45: E-19/01A/DTS | D45: CARRO LIMPA FOSSA | E45: 1 | F45: ='247_2023'!E44 -> 0 | G45: ='247_2023'!F44 -> 1 | H45: 590000 | I45: 590000 | J45: GAP-AF | K45: Volkswagen / Caminhão Costellation 17.210 | L45: 31.306.830/0001-75 | M45: ABOLICAO CAMINHOES E ONIBUS LTDA | N45: 21 3661-9999 // 21 993362877 | O45: catia.ferreira266@gmail.com | P45: 1322 | Q45: 45654 | R45: NÃO POSSUI CONTRATO AINDA
A46: 247_2023 | B46: 18 | C46: E-26/01A/DTS | D46: FURGÃO FRIGORÍFICO | E46: 1 | F46: ='247_2023'!E45 -> 0 | G46: ='247_2023'!F45 -> 1 | H46: 390000 | I46: 390000 | J46: GAP-AF | K46: RENAULT / L2H2 TRANSFORMADO | L46: 34.263.393/0001-48 | M46: DELTA COMERCIAL E SERVICOS LTDA | N46: 62 98538-1830 | O46: deltacomercial08@gmail.com | P46: 1006 | Q46: 45696 | R46: siloms está com número do item errado
A47: 247_2023 | B47: 19 | C47: E-27/01A/DTS | D47: FURGÃO ISOTÉRMICO | E47: 3 | F47: ='247_2023'!E46 -> 3 | G47: ='247_2023'!F46 -> 0 | H47: 136701 | I47: 410103 | J47: GAP-AF | K47: FIORINO ENDURANCE FLEX | L47: 16.701.716/0001-56 | M47: FCA FIAT CHRYSLER AUTOMOVEIS BRASIL LTDA | N47: 11 993795516 | O47: graziela.souza@stellantis.com // rodrigo.magalhaes@stellantis.com | P47: 1318 | Q47: 45653 | R47: DIVERGÊNCIA ITEM 19 NO SILOMS / COM 1 UNIDADE DISPONÍVEL
A48: 247_2023 | B48: 19 | C48: E-27/01A/DTS | D48: FURGÃO ISOTÉRMICO | E48: 3 | F48: ='247_2023'!E47 -> 3 | G48: ='247_2023'!F47 -> 0 | H48: 136701 | I48: 410103 | J48: GAP-DF | K48: FIORINO ENDURANCE FLEX | L48: 16.701.716/0001-56 | M48: FCA FIAT CHRYSLER AUTOMOVEIS BRASIL LTDA | N48: 11 993795516 | O48: graziela.souza@stellantis.com // rodrigo.magalhaes@stellantis.com | P48: 1318 | Q48: 45653
A49: 247_2023 | B49: 19 | C49: E-27/01A/DTS | D49: FURGÃO ISOTÉRMICO | E49: 1 | F49: ='247_2023'!E48 -> 1 | G49: ='247_2023'!F48 -> 0 | H49: 136701 | I49: 136701 | J49: GAP-GL | K49: FIORINO ENDURANCE FLEX | L49: 16.701.716/0001-56 | M49: FCA FIAT CHRYSLER AUTOMOVEIS BRASIL LTDA | N49: 11 993795516 | O49: graziela.souza@stellantis.com // rodrigo.magalhaes@stellantis.com | P49: 1318 | Q49: 45653
A50: 247_2023 | B50: 19 | C50: E-27/01A/DTS | D50: FURGÃO ISOTÉRMICO | E50: 1 | F50: ='247_2023'!E49 -> 1 | G50: ='247_2023'!F49 -> 0 | H50: 136701 | I50: 136701 | J50: GAP-RJ | K50: FIORINO ENDURANCE FLEX | L50: 16.701.716/0001-56 | M50: FCA FIAT CHRYSLER AUTOMOVEIS BRASIL LTDA | N50: 11 993795516 | O50: graziela.souza@stellantis.com // rodrigo.magalhaes@stellantis.com | P50: 1318 | Q50: 45653
A51: 247_2023 | B51: 19 | C51: E-27/01A/DTS | D51: FURGÃO ISOTÉRMICO | E51: 1 | F51: ='247_2023'!E50 -> 1 | G51: ='247_2023'!F50 -> 0 | H51: 136701 | I51: 136701 | J51: GAP-SP | K51: FIORINO ENDURANCE FLEX | L51: 16.701.716/0001-56 | M51: FCA FIAT CHRYSLER AUTOMOVEIS BRASIL LTDA | N51: 11 993795516 | O51: graziela.souza@stellantis.com // rodrigo.magalhaes@stellantis.com | P51: 1318 | Q51: 45653
A52: 247_2023 | B52: 20 | C52: P-1/02A/DTS | D52: VEÍCULO ESPECIAL | E52: 2 | F52: ='247_2023'!E51 -> X | G52: ='247_2023'!F51 -> X | I52: R$ - | J52: ERA PRA ONDE? | K52: x | L52: x | M52: x | P52: x | Q52: x
A53: 247_2023 | B53: 20 | C53: P-1/02A/DTS | D53: VEÍCULO ESPECIAL | E53: 3 | F53: ='247_2023'!E52 -> X | G53: ='247_2023'!F52 -> X | I53: R$ - | J53: CRCEA-SE | K53: x | L53: x | M53: x | P53: x | Q53: x
A54: 247_2023 | B54: 20 | C54: P-1/02A/DTS | D54: VEÍCULO ESPECIAL | E54: 4 | F54: ='247_2023'!E53 -> X | G54: ='247_2023'!F53 -> X | I54: R$ - | J54: GAP-CO | K54: x | L54: x | M54: x | P54: x | Q54: x
A55: 247_2023 | B55: 20 | C55: P-1/02A/DTS | D55: VEÍCULO ESPECIAL | E55: 5 | F55: ='247_2023'!E54 -> X | G55: ='247_2023'!F54 -> X | I55: R$ - | J55: GAP-MN | K55: x | L55: x | M55: x | P55: x | Q55: x
A56: 247_2023 | B56: 21 | C56: P-2/01A/DTS | D56: VEÍCULO DE SERVIÇO | E56: 1 | F56: ='247_2023'!E55 -> 1 | G56: ='247_2023'!F55 -> 0 | H56: 81572 | I56: 81572 | J56: BAAN | K56: ARGO DRIVE 1.0 | L56: 16.701.716/0001-56 | M56: FCA FIAT CHRYSLER AUTOMOVEIS BRASIL LTDA | N56: 11 993795516 | O56: graziela.souza@stellantis.com // rodrigo.magalhaes@stellantis.com | P56: 1008 | Q56: 45696
A57: 247_2023 | B57: 21 | C57: P-2/01A/DTS | D57: VEÍCULO DE SERVIÇO | E57: 1 | F57: ='247_2023'!E56 -> 1 | G57: ='247_2023'!F56 -> 0 | H57: 81572 | I57: 81572 | J57: BAPV | K57: ARGO DRIVE 1.0 | L57: 16.701.716/0001-56 | M57: FCA FIAT CHRYSLER AUTOMOVEIS BRASIL LTDA | N57: 11 993795516 | O57: graziela.souza@stellantis.com // rodrigo.magalhaes@stellantis.com | P57: 1008 | Q57: 45696
A58: 247_2023 | B58: 21 | C58: P-2/01A/DTS | D58: VEÍCULO DE SERVIÇO | E58: 1 | F58: ='247_2023'!E57 -> 1 | G58: ='247_2023'!F57 -> 0 | H58: 81572 | I58: 81572 | J58: BASV | K58: ARGO DRIVE 1.0 | L58: 16.701.716/0001-56 | M58: FCA FIAT CHRYSLER AUTOMOVEIS BRASIL LTDA | N58: 11 993795516 | O58: graziela.souza@stellantis.com // rodrigo.magalhaes@stellantis.com | P58: 1008 | Q58: 45696
A59: 247_2023 | B59: 21 | C59: P-2/01A/DTS | D59: VEÍCULO DE SERVIÇO | E59: 2 | F59: ='247_2023'!E58 -> 2 | G59: ='247_2023'!F58 -> 0 | H59: 81572 | I59: 163144 | J59: CINDACTA 1 | K59: ARGO DRIVE 1.0 | L59: 16.701.716/0001-56 | M59: FCA FIAT CHRYSLER AUTOMOVEIS BRASIL LTDA | N59: 11 993795516 | O59: graziela.souza@stellantis.com // rodrigo.magalhaes@stellantis.com | P59: 1008 | Q59: 45696
A60: 247_2023 | B60: 21 | C60: P-2/01A/DTS | D60: VEÍCULO DE SERVIÇO | E60: 9 | F60: ='247_2023'!E59 -> 9 | G60: ='247_2023'!F59 -> 0 | H60: 81572 | I60: 734148 | J60: CINDACTA 2 | K60: ARGO DRIVE 1.0 | L60: 16.701.716/0001-56 | M60: FCA FIAT CHRYSLER AUTOMOVEIS BRASIL LTDA | N60: 11 993795516 | O60: graziela.souza@stellantis.com // rodrigo.magalhaes@stellantis.com | P60: 1008 | Q60: 45696
A61: 247_2023 | B61: 21 | C61: P-2/01A/DTS | D61: VEÍCULO DE SERVIÇO | E61: 2 | F61: ='247_2023'!E60 -> 2 | G61: ='247_2023'!F60 -> 0 | H61: 81572 | I61: 163144 | J61: CRCEA-SE | K61: ARGO DRIVE 1.0 | L61: 16.701.716/0001-56 | M61: FCA FIAT CHRYSLER AUTOMOVEIS BRASIL LTDA | N61: 11 993795516 | O61: graziela.souza@stellantis.com // rodrigo.magalhaes@stellantis.com | P61: 1008 | Q61: 45696
A62: 247_2023 | B62: 21 | C62: P-2/01A/DTS | D62: VEÍCULO DE SERVIÇO | E62: 1 | F62: ='247_2023'!E61 -> 1 | G62: ='247_2023'!F61 -> 0 | H62: 81572 | I62: 81572 | J62: EEAR | K62: ARGO DRIVE 1.0 | L62: 16.701.716/0001-56 | M62: FCA FIAT CHRYSLER AUTOMOVEIS BRASIL LTDA | N62: 11 993795516 | O62: graziela.souza@stellantis.com // rodrigo.magalhaes@stellantis.com | P62: 1008 | Q62: 45696
A63: 247_2023 | B63: 21 | C63: P-2/01A/DTS | D63: VEÍCULO DE SERVIÇO | E63: 1 | F63: ='247_2023'!E62 -> 1 | G63: ='247_2023'!F62 -> 0 | H63: 81572 | I63: 81572 | J63: GAP-AF | K63: ARGO DRIVE 1.0 | L63: 16.701.716/0001-56 | M63: FCA FIAT CHRYSLER AUTOMOVEIS BRASIL LTDA | N63: 11 993795516 | O63: graziela.souza@stellantis.com // rodrigo.magalhaes@stellantis.com | P63: 1008 | Q63: 45696
A64: 247_2023 | B64: 21 | C64: P-2/01A/DTS | D64: VEÍCULO DE SERVIÇO | E64: 1 | F64: ='247_2023'!E63 -> 1 | G64: ='247_2023'!F63 -> 0 | H64: 81572 | I64: 81572 | J64: GAP-DF | K64: ARGO DRIVE 1.0 | L64: 16.701.716/0001-56 | M64: FCA FIAT CHRYSLER AUTOMOVEIS BRASIL LTDA | N64: 11 993795516 | O64: graziela.souza@stellantis.com // rodrigo.magalhaes@stellantis.com | P64: 1008 | Q64: 45696
A65: 247_2023 | B65: 21 | C65: P-2/01A/DTS | D65: VEÍCULO DE SERVIÇO | E65: 1 | F65: ='247_2023'!E64 -> 1 | G65: ='247_2023'!F64 -> 0 | H65: 81572 | I65: 81572 | J65: GAP-RJ | K65: ARGO DRIVE 1.0 | L65: 16.701.716/0001-56 | M65: FCA FIAT CHRYSLER AUTOMOVEIS BRASIL LTDA | N65: 11 993795516 | O65: graziela.souza@stellantis.com // rodrigo.magalhaes@stellantis.com | P65: 1008 | Q65: 45696
A66: 247_2023 | B66: 22 | C66: P-3/01A/DTS | D66: UTILITÁRIO | E66: 5 | F66: ='247_2023'!E65 -> X | G66: ='247_2023'!F65 -> X | I66: R$ - | J66: ERA PRA ONDE? | K66: x | L66: x | M66: x | P66: x | Q66: x | R66: x
A67: 247_2023 | B67: 22 | C67: P-3/01A/DTS | D67: UTILITÁRIO | E67: 1 | F67: ='247_2023'!E66 -> X | G67: ='247_2023'!F66 -> X | I67: R$ - | J67: BAAN | K67: x | L67: x | M67: x | P67: x | Q67: x | R67: x
A68: 247_2023 | B68: 22 | C68: P-3/01A/DTS | D68: UTILITÁRIO | E68: 1 | F68: ='247_2023'!E67 -> X | G68: ='247_2023'!F67 -> X | I68: R$ - | J68: BAFZ | K68: x | L68: x | M68: x | P68: x | Q68: x | R68: x
A69: 247_2023 | B69: 22 | C69: P-3/01A/DTS | D69: UTILITÁRIO | E69: 1 | F69: ='247_2023'!E68 -> X | G69: ='247_2023'!F68 -> X | I69: R$ - | J69: BASV | K69: x | L69: x | M69: x | P69: x | Q69: x | R69: x
A70: 247_2023 | B70: 22 | C70: P-3/01A/DTS | D70: UTILITÁRIO | E70: 5 | F70: ='247_2023'!E69 -> X | G70: ='247_2023'!F69 -> X | I70: R$ - | J70: CINDACTA 1 | K70: x | L70: x | M70: x | P70: x | Q70: x | R70: x
A71: 247_2023 | B71: 22 | C71: P-3/01A/DTS | D71: UTILITÁRIO | E71: 2 | F71: ='247_2023'!E70 -> X | G71: ='247_2023'!F70 -> X | I71: R$ - | J71: CINDACTA 2 | K71: x | L71: x | M71: x | P71: x | Q71: x | R71: x
A72: 247_2023 | B72: 22 | C72: P-3/01A/DTS | D72: UTILITÁRIO | E72: 3 | F72: ='247_2023'!E71 -> X | G72: ='247_2023'!F71 -> X | I72: R$ - | J72: CINDACTA 3 | K72: x | L72: x | M72: x | P72: x | Q72: x | R72: x
A73: 247_2023 | B73: 22 | C73: P-3/01A/DTS | D73: UTILITÁRIO | E73: 3 | F73: ='247_2023'!E72 -> X | G73: ='247_2023'!F72 -> X | I73: R$ - | J73: CINDACTA 4 | K73: x | L73: x | M73: x | P73: x | Q73: x | R73: x
A74: 247_2023 | B74: 22 | C74: P-3/01A/DTS | D74: UTILITÁRIO | E74: 1 | F74: ='247_2023'!E73 -> X | G74: ='247_2023'!F73 -> X | I74: R$ - | J74: CLA | K74: x | L74: x | M74: x | P74: x | Q74: x | R74: x
A75: 247_2023 | B75: 22 | C75: P-3/01A/DTS | D75: UTILITÁRIO | E75: 1 | F75: ='247_2023'!E74 -> X | G75: ='247_2023'!F74 -> X | I75: R$ - | J75: EPCAR | K75: x | L75: x | M75: x | P75: x | Q75: x | R75: x
A76: 247_2023 | B76: 22 | C76: P-3/01A/DTS | D76: UTILITÁRIO | E76: 1 | F76: ='247_2023'!E75 -> X | G76: ='247_2023'!F75 -> X | I76: R$ - | J76: GABAER | K76: x | L76: x | M76: x | P76: x | Q76: x | R76: x
A77: 247_2023 | B77: 22 | C77: P-3/01A/DTS | D77: UTILITÁRIO | E77: 1 | F77: ='247_2023'!E76 -> X | G77: ='247_2023'!F76 -> X | I77: R$ - | J77: GAP-AF | K77: x | L77: x | M77: x | P77: x | Q77: x | R77: x
... A80: 247_2023 | B80: 22 | C80: P-3/01A/DTS | D80: UTILITÁRIO | E80: 1 | F80: ='247_2023'!E79 -> X | G80: ='247_2023'!F79 -> X | I80: R$ - | J80: GAP-RF | K80: x | L80: x | M80: x | P80: x | Q80: x | R80: x
A81: 247_2023 | B81: 23 | C81: P-5/01A/DTS | D81: MICROÔNIBUS | E81: 3 | F81: ='247_2023'!E80 -> 3 | G81: ='247_2023'!F80 -> 0 | H81: 615000 | I81: 1845000 | J81: DECEA | K81: MARCOPOLO/ATTACK 9 EXECUTIVO | L81: 88.611.835/0018-77 | M81: MARCOPOLO SA | N81: (54) 2101 4147 | O81: rodrigo.sartori@volare.com.br | P81: 1320 | Q81: 45653
A82: 247_2023 | B82: 23 | C82: P-5/01A/DTS | D82: MICROÔNIBUS | E82: 1 | F82: ='247_2023'!E81 -> 1 | G82: ='247_2023'!F81 -> 0 | H82: 615000 | I82: 615000 | J82: CINDACTA 1 | K82: MARCOPOLO/ATTACK 9 EXECUTIVO | L82: 88.611.835/0018-77 | M82: MARCOPOLO SA | N82: (54) 2101 4148 | O82: rodrigo.sartori@volare.com.br | P82: 1320 | Q82: 45653
A83: 247_2023 | B83: 23 | C83: P-5/01A/DTS | D83: MICROÔNIBUS | E83: 3 | F83: ='247_2023'!E82 -> 3 | G83: ='247_2023'!F82 -> 0 | H83: 615000 | I83: 1845000 | J83: CINDACTA 2 | K83: MARCOPOLO/ATTACK 9 EXECUTIVO | L83: 88.611.835/0018-77 | M83: MARCOPOLO SA | N83: (54) 2101 4149 | O83: rodrigo.sartori@volare.com.br | P83: 1320 | Q83: 45653
A84: 247_2023 | B84: 23 | C84: P-5/01A/DTS | D84: MICROÔNIBUS | E84: 1 | F84: ='247_2023'!E83 -> 1 | G84: ='247_2023'!F83 -> 0 | H84: 615000 | I84: 615000 | J84: CINDACTA 3 | K84: MARCOPOLO/ATTACK 9 EXECUTIVO | L84: 88.611.835/0018-77 | M84: MARCOPOLO SA | N84: (54) 2101 4150 | O84: rodrigo.sartori@volare.com.br | P84: 1320 | Q84: 45653
A85: 247_2023 | B85: 23 | C85: P-5/01A/DTS | D85: MICROÔNIBUS | E85: 1 | F85: ='247_2023'!E84 -> 1 | G85: ='247_2023'!F84 -> 0 | H85: 615000 | I85: 615000 | J85: GAP-AF | K85: MARCOPOLO/ATTACK 9 EXECUTIVO | L85: 88.611.835/0018-77 | M85: MARCOPOLO SA | N85: (54) 2101 4151 | O85: rodrigo.sartori@volare.com.br | P85: 1320 | Q85: 45653
A86: 247_2023 | B86: 23 | C86: P-5/01A/DTS | D86: MICROÔNIBUS | E86: 1 | F86: ='247_2023'!E85 -> 1 | G86: ='247_2023'!F85 -> 0 | H86: 615000 | I86: 615000 | J86: GAP-BR | K86: MARCOPOLO/ATTACK 9 EXECUTIVO | L86: 88.611.835/0018-77 | M86: MARCOPOLO SA | N86: (54) 2101 4152 | O86: rodrigo.sartori@volare.com.br | P86: 1320 | Q86: 45653
A87: 247_2023 | B87: 23 | C87: P-5/01A/DTS | D87: MICROÔNIBUS | E87: 1 | F87: ='247_2023'!E86 -> 1 | G87: ='247_2023'!F86 -> 0 | H87: 615000 | I87: 615000 | J87: GAP-GL | K87: MARCOPOLO/ATTACK 9 EXECUTIVO | L87: 88.611.835/0018-77 | M87: MARCOPOLO SA | N87: (54) 2101 4153 | O87: rodrigo.sartori@volare.com.br | P87: 1320 | Q87: 45653
A88: 247_2023 | B88: 23 | C88: P-5/01A/DTS | D88: MICROÔNIBUS | E88: 1 | F88: ='247_2023'!E87 -> 1 | G88: ='247_2023'!F87 -> 0 | H88: 615000 | I88: 615000 | J88: GAP-LS | K88: MARCOPOLO/ATTACK 9 EXECUTIVO | L88: 88.611.835/0018-77 | M88: MARCOPOLO SA | N88: (54) 2101 4154 | O88: rodrigo.sartori@volare.com.br | P88: 1320 | Q88: 45653
A89: 247_2023 | B89: 24 | C89: P-6/01A/DTS | D89: ÔNIBUS | E89: 2 | F89: ='247_2023'!E88 -> 2 | G89: ='247_2023'!F88 -> 0 | H89: 969000 | I89: 1938000 | J89: DECEA | K89: VOLKSWAGEN/17230 ONIBUS 47 + 1 LUGARES | L89: 11.726.521/0020-00 | M89: TRANSRIO CAMINHOES, ONIBUS, MAQUINAS E MOTORES LTDA | N89: 12 974072062 ou 12 988939333 | O89: marcus.turner@hotmail.com////Edson.aguiar@transrio.com.br | P89: 1325 | Q89: 45696
A90: 247_2023 | B90: 24 | C90: P-6/01A/DTS | D90: ÔNIBUS | E90: 1 | F90: ='247_2023'!E89 -> 1 | G90: ='247_2023'!F89 -> 0 | H90: 969000 | I90: 969000 | J90: BASC | K90: VOLKSWAGEN/17230 ONIBUS 47 + 1 LUGARES | L90: 11.726.521/0020-00 | M90: TRANSRIO CAMINHOES, ONIBUS, MAQUINAS E MOTORES LTDA | N90: 12 974072062 ou 12 988939333 | O90: marcus.turner@hotmail.com////Edson.aguiar@transrio.com.br | P90: 1325 | Q90: 45696
A91: 247_2023 | B91: 24 | C91: P-6/01A/DTS | D91: ÔNIBUS | E91: 1 | F91: ='247_2023'!E90 -> 1 | G91: ='247_2023'!F90 -> 0 | H91: 969000 | I91: 969000 | J91: BASM | K91: VOLKSWAGEN/17230 ONIBUS 47 + 1 LUGARES | L91: 11.726.521/0020-00 | M91: TRANSRIO CAMINHOES, ONIBUS, MAQUINAS E MOTORES LTDA | N91: 12 974072062 ou 12 988939333 | O91: marcus.turner@hotmail.com////Edson.aguiar@transrio.com.br | P91: 1325 | Q91: 45696
A92: 247_2023 | B92: 24 | C92: P-6/01A/DTS | D92: ÔNIBUS | E92: 1 | F92: ='247_2023'!E91 -> 1 | G92: ='247_2023'!F91 -> 0 | H92: 969000 | I92: 969000 | J92: CINDACTA 1 | K92: VOLKSWAGEN/17230 ONIBUS 47 + 1 LUGARES | L92: 11.726.521/0020-00 | M92: TRANSRIO CAMINHOES, ONIBUS, MAQUINAS E MOTORES LTDA | N92: 12 974072062 ou 12 988939333 | O92: marcus.turner@hotmail.com////Edson.aguiar@transrio.com.br | P92: 1325 | Q92: 45696
... A97: 247_2023 | B97: 24 | C97: P-6/01A/DTS | D97: ÔNIBUS | E97: 1 | F97: ='247_2023'!E96 -> 1 | G97: ='247_2023'!F96 -> 0 | H97: 969000 | I97: 969000 | J97: PAMERJ | K97: VOLKSWAGEN/17230 ONIBUS 47 + 1 LUGARES | L97: 11.726.521/0020-00 | M97: TRANSRIO CAMINHOES, ONIBUS, MAQUINAS E MOTORES LTDA | N97: 12 974072062 ou 12 988939333 | O97: marcus.turner@hotmail.com////Edson.aguiar@transrio.com.br | P97: 1325 | Q97: 45696
A98: 247_2023 | B98: 25 | C98: P-8/01A/DTS | D98: MOTOCICLETA NORMAL | E98: 1 | F98: x | I98: R$ - | J98: ERA PRA ONDE? | K98: x | L98: x | M98: x | P98: x | Q98: x | R98: x
A99: 247_2023 | B99: 26 | C99: P-11/01A/DTS | D99: PICK UP CABINE DUPLA | E99: 1 | F99: ='247_2023'!E98 -> 1 | G99: ='247_2023'!F98 -> 0 | H99: 255750 | I99: 255750 | J99: AFA | K99: FORD RANGER | L99: 03.470.727/0041-18 | M99: FORD MOTOR COMPANY BRASIL LTDA | N99: 11 41745713 | O99: dmassini@ford.com, bsanto66@ford.com, jcinotti@ford.com | P99: 1324 | Q99: 45654
A100: 247_2023 | B100: 26 | C100: P-11/01A/DTS | D100: PICK UP CABINE DUPLA | E100: 1 | F100: ='247_2023'!E99 -> 1 | G100: ='247_2023'!F99 -> 0 | H100: 255750 | I100: 255750 | J100: BABV | K100: FORD RANGER | L100: 03.470.727/0041-18 | M100: FORD MOTOR COMPANY BRASIL LTDA | N100: 11 41745713 | O100: dmassini@ford.com, bsanto66@ford.com, jcinotti@ford.com | P100: 1324 | Q100: 45654
A101: 247_2023 | B101: 26 | C101: P-11/01A/DTS | D101: PICK UP CABINE DUPLA | E101: 1 | F101: ='247_2023'!E100 -> 1 | G101: ='247_2023'!F100 -> 0 | H101: 255750 | I101: 255750 | J101: BAFZ | K101: FORD RANGER | L101: 03.470.727/0041-18 | M101: FORD MOTOR COMPANY BRASIL LTDA | N101: 11 41745713 | O101: dmassini@ford.com, bsanto66@ford.com, jcinotti@ford.com | P101: 1324 | Q101: 45654
A102: 247_2023 | B102: 26 | C102: P-11/01A/DTS | D102: PICK UP CABINE DUPLA | E102: 1 | F102: ='247_2023'!E101 -> 1 | G102: ='247_2023'!F101 -> 0 | H102: 255750 | I102: 255750 | J102: BANT | K102: FORD RANGER | L102: 03.470.727/0041-18 | M102: FORD MOTOR COMPANY BRASIL LTDA | N102: 11 41745713 | O102: dmassini@ford.com, bsanto66@ford.com, jcinotti@ford.com | P102: 1324 | Q102: 45654
A103: 247_2023 | B103: 26 | C103: P-11/01A/DTS | D103: PICK UP CABINE DUPLA | E103: 1 | F103: ='247_2023'!E102 -> 1 | G103: ='247_2023'!F102 -> 0 | H103: 255750 | I103: 255750 | J103: BASM | K103: FORD RANGER | L103: 03.470.727/0041-18 | M103: FORD MOTOR COMPANY BRASIL LTDA | N103: 11 41745713 | O103: dmassini@ford.com, bsanto66@ford.com, jcinotti@ford.com | P103: 1324 | Q103: 45654
A104: 247_2023 | B104: 26 | C104: P-11/01A/DTS | D104: PICK UP CABINE DUPLA | E104: 1 | F104: ='247_2023'!E103 -> 1 | G104: ='247_2023'!F103 -> 0 | H104: 255750 | I104: 255750 | J104: CINDACTA 2 | K104: FORD RANGER | L104: 03.470.727/0041-18 | M104: FORD MOTOR COMPANY BRASIL LTDA | N104: 11 41745713 | O104: dmassini@ford.com, bsanto66@ford.com, jcinotti@ford.com | P104: 1324 | Q104: 45654
A105: 247_2023 | B105: 26 | C105: P-11/01A/DTS | D105: PICK UP CABINE DUPLA | E105: 8 | F105: ='247_2023'!E104 -> 8 | G105: ='247_2023'!F104 -> 0 | H105: 255750 | I105: 2046000 | J105: CINDACTA 3 | K105: FORD RANGER | L105: 03.470.727/0041-18 | M105: FORD MOTOR COMPANY BRASIL LTDA | N105: 11 41745713 | O105: dmassini@ford.com, bsanto66@ford.com, jcinotti@ford.com | P105: 1324 | Q105: 45654
A106: 247_2023 | B106: 26 | C106: P-11/01A/DTS | D106: PICK UP CABINE DUPLA | E106: 4 | F106: ='247_2023'!E105 -> 4 | G106: ='247_2023'!F105 -> 0 | H106: 255750 | I106: 1023000 | J106: CINDACTA 4 | K106: FORD RANGER | L106: 03.470.727/0041-18 | M106: FORD MOTOR COMPANY BRASIL LTDA | N106: 11 41745713 | O106: dmassini@ford.com, bsanto66@ford.com, jcinotti@ford.com | P106: 1324 | Q106: 45654
A107: 247_2023 | B107: 26 | C107: P-11/01A/DTS | D107: PICK UP CABINE DUPLA | E107: 1 | F107: ='247_2023'!E106 -> 1 | G107: ='247_2023'!F106 -> 0 | H107: 255750 | I107: 255750 | J107: EPCAR | K107: FORD RANGER | L107: 03.470.727/0041-18 | M107: FORD MOTOR COMPANY BRASIL LTDA | N107: 11 41745713 | O107: dmassini@ford.com, bsanto66@ford.com, jcinotti@ford.com | P107: 1324 | Q107: 45654
A108: 247_2023 | B108: 26 | C108: P-11/01A/DTS | D108: PICK UP CABINE DUPLA | E108: 1 | F108: ='247_2023'!E107 -> 1 | G108: ='247_2023'!F107 -> 0 | H108: 255750 | I108: 255750 | J108: GABAER | K108: FORD RANGER | L108: 03.470.727/0041-18 | M108: FORD MOTOR COMPANY BRASIL LTDA | N108: 11 41745713 | O108: dmassini@ford.com, bsanto66@ford.com, jcinotti@ford.com | P108: 1324 | Q108: 45654
A109: 247_2023 | B109: 26 | C109: P-11/01A/DTS | D109: PICK UP CABINE DUPLA | E109: 1 | F109: ='247_2023'!E108 -> 1 | G109: ='247_2023'!F108 -> 0 | H109: 255750 | I109: 255750 | J109: GAP-BE | K109: FORD RANGER | L109: 03.470.727/0041-18 | M109: FORD MOTOR COMPANY BRASIL LTDA | N109: 11 41745713 | O109: dmassini@ford.com, bsanto66@ford.com, jcinotti@ford.com | P109: 1324 | Q109: 45654
...

Sheet Tabela dinâmica 1

Sheet 90057_2026
A1: PAG : 67106.002167/2025-64 | I1: STATUS em 07/07/26 | K1: CERTAME SILOMS P260005
A2: ITEM | B2: VEÍCULO | C2: NOMENCLATURA | D2: QTD TR | E2: QTD EMPENHADO | F2: QNT DISPONÍVEL | G2: VALOR UNITÁRIO | H2: VALOR TOTAL | I2: OM RECEBEDORA | J2: MARCA/MODELO | K2: EMPRESA | L2: CNPJ | M2: CONTATO | N2: EMAIL | O2: ATA | P2: VIGÊNCIA | Q2: OBS
A3: 1 | B3: P1-01A-DTS | C3: VEÍCULO ESPECIAL | D3: 1 | E3: 0 | F3: =D3-E3 -> 1 | G3: 216500 | H3: =G3*D3 -> 216500 | I3: AFA | J3: TOYOTA COROLLA XEI 2.0 FLEX AT (2062/2026) | K3: VCS IMPLEMENTOS E VEICULOS LTDA | L3: 38.428.119/0001-32 | M3: (27) 3191-0855 / (27) 3191-0875 | N3: licitacao@vcsimplementos.com | O3: 755/2026 | P3: 46591
A4: 1 | B4: P1-01A-DTS | C4: VEÍCULO ESPECIAL | D4: 1 | E4: 0 | F4: =D4-E4 -> 1 | G4: 216500 | H4: =G4*D4 -> 216500 | I4: BAFL | J4: TOYOTA COROLLA XEI 2.0 FLEX AT (2062/2026) | K4: VCS IMPLEMENTOS E VEICULOS LTDA | L4: 38.428.119/0001-32 | M4: (27) 3191-0855 / (27) 3191-0875 | N4: licitacao@vcsimplementos.com | O4: 755/2026 | P4: 46591
A5: 1 | B5: P1-01A-DTS | C5: VEÍCULO ESPECIAL | D5: 1 | E5: 0 | F5: =D5-E5 -> 1 | G5: 216500 | H5: =G5*D5 -> 216500 | I5: BAFZ | J5: TOYOTA COROLLA XEI 2.0 FLEX AT (2062/2026) | K5: VCS IMPLEMENTOS E VEICULOS LTDA | L5: 38.428.119/0001-32 | M5: (27) 3191-0855 / (27) 3191-0875 | N5: licitacao@vcsimplementos.com | O5: 755/2026 | P5: 46591
A6: 1 | B6: P1-01A-DTS | C6: VEÍCULO ESPECIAL | D6: 1 | E6: 0 | F6: =D6-E6 -> 1 | G6: 216500 | H6: =G6*D6 -> 216500 | I6: BANT | J6: TOYOTA COROLLA XEI 2.0 FLEX AT (2062/2026) | K6: VCS IMPLEMENTOS E VEICULOS LTDA | L6: 38.428.119/0001-32 | M6: (27) 3191-0855 / (27) 3191-0875 | N6: licitacao@vcsimplementos.com | O6: 755/2026 | P6: 46591
A7: 1 | B7: P1-01A-DTS | C7: VEÍCULO ESPECIAL | D7: 1 | E7: 0 | F7: =D7-E7 -> 1 | G7: 216500 | H7: =G7*D7 -> 216500 | I7: BASM | J7: TOYOTA COROLLA XEI 2.0 FLEX AT (2062/2026) | K7: VCS IMPLEMENTOS E VEICULOS LTDA | L7: 38.428.119/0001-32 | M7: (27) 3191-0855 / (27) 3191-0875 | N7: licitacao@vcsimplementos.com | O7: 755/2026 | P7: 46591
A8: 1 | B8: P1-01A-DTS | C8: VEÍCULO ESPECIAL | D8: 1 | E8: 0 | F8: =D8-E8 -> 1 | G8: 216500 | H8: =G8*D8 -> 216500 | I8: BASV | J8: TOYOTA COROLLA XEI 2.0 FLEX AT (2062/2026) | K8: VCS IMPLEMENTOS E VEICULOS LTDA | L8: 38.428.119/0001-32 | M8: (27) 3191-0855 / (27) 3191-0875 | N8: licitacao@vcsimplementos.com | O8: 755/2026 | P8: 46591
A9: 1 | B9: P1-01A-DTS | C9: VEÍCULO ESPECIAL | D9: 1 | E9: 0 | F9: =D9-E9 -> 1 | G9: 216500 | H9: =G9*D9 -> 216500 | I9: EEAR | J9: TOYOTA COROLLA XEI 2.0 FLEX AT (2062/2026) | K9: VCS IMPLEMENTOS E VEICULOS LTDA | L9: 38.428.119/0001-32 | M9: (27) 3191-0855 / (27) 3191-0875 | N9: licitacao@vcsimplementos.com | O9: 755/2026 | P9: 46591
A10: 1 | B10: P1-01A-DTS | C10: VEÍCULO ESPECIAL | D10: 1 | E10: 0 | F10: =D10-E10 -> 1 | G10: 216500 | H10: =G10*D10 -> 216500 | I10: EPCAR | J10: TOYOTA COROLLA XEI 2.0 FLEX AT (2062/2026) | K10: VCS IMPLEMENTOS E VEICULOS LTDA | L10: 38.428.119/0001-32 | M10: (27) 3191-0855 / (27) 3191-0875 | N10: licitacao@vcsimplementos.com | O10: 755/2026 | P10: 46591
A11: 1 | B11: P1-01A-DTS | C11: VEÍCULO ESPECIAL | D11: 1 | E11: 0 | F11: =D11-E11 -> 1 | G11: 216500 | H11: =G11*D11 -> 216500 | I11: GAP-AF | J11: TOYOTA COROLLA XEI 2.0 FLEX AT (2062/2026) | K11: VCS IMPLEMENTOS E VEICULOS LTDA | L11: 38.428.119/0001-32 | M11: (27) 3191-0855 / (27) 3191-0875 | N11: licitacao@vcsimplementos.com | O11: 755/2026 | P11: 46591
A12: 1 | B12: P1-01A-DTS | C12: VEÍCULO ESPECIAL | D12: 1 | E12: 0 | F12: =D12-E12 -> 1 | G12: 216500 | H12: =G12*D12 -> 216500 | I12: GAP-BE | J12: TOYOTA COROLLA XEI 2.0 FLEX AT (2062/2026) | K12: VCS IMPLEMENTOS E VEICULOS LTDA | L12: 38.428.119/0001-32 | M12: (27) 3191-0855 / (27) 3191-0875 | N12: licitacao@vcsimplementos.com | O12: 755/2026 | P12: 46591
A13: 1 | B13: P1-01A-DTS | C13: VEÍCULO ESPECIAL | D13: 10 | E13: 0 | F13: =D13-E13 -> 10 | G13: 216500 | H13: =G13*D13 -> 2165000 | I13: GAP-BR | J13: TOYOTA COROLLA XEI 2.0 FLEX AT (2062/2026) | K13: VCS IMPLEMENTOS E VEICULOS LTDA | L13: 38.428.119/0001-32 | M13: (27) 3191-0855 / (27) 3191-0875 | N13: licitacao@vcsimplementos.com | O13: 755/2026 | P13: 46591
A14: 1 | B14: P1-01A-DTS | C14: VEÍCULO ESPECIAL | D14: 3 | E14: 0 | F14: =D14-E14 -> 3 | G14: 216500 | H14: =G14*D14 -> 649500 | I14: GAP-RJ | J14: TOYOTA COROLLA XEI 2.0 FLEX AT (2062/2026) | K14: VCS IMPLEMENTOS E VEICULOS LTDA | L14: 38.428.119/0001-32 | M14: (27) 3191-0855 / (27) 3191-0875 | N14: licitacao@vcsimplementos.com | O14: 755/2026 | P14: 46591
A15: 1 | B15: P1-01A-DTS | C15: VEÍCULO ESPECIAL | D15: 7 | E15: 0 | F15: =D15-E15 -> 7 | G15: 216500 | H15: =G15*D15 -> 1515500 | I15: GAP-SP | J15: TOYOTA COROLLA XEI 2.0 FLEX AT (2062/2026) | K15: VCS IMPLEMENTOS E VEICULOS LTDA | L15: 38.428.119/0001-32 | M15: (27) 3191-0855 / (27) 3191-0875 | N15: licitacao@vcsimplementos.com | O15: 755/2026 | P15: 46591

Sheet 90146_2025
A1: 120 | C1: STATUS em 29/09/25 | E1: 67106.002167/2025-64
A2: ITEM | B2: VEÍCULO | C2: NOMENCLATURA | D2: QTD TR | E2: QTD EMPENHADO | F2: QNT DISPONÍVEL | H2: VALOR UNITÁRIO | I2: VALOR TOTAL | J2: OM RECEBEDORA | K2: MARCA/MODELO | M2: EMPRESA | N2: CONTATO | O2: EMAIL | P2: ATA | Q2: VIGÊNCIA | R2: OBS
A3: 1 P250003 | B3: C1-01A-DTS | C3: CAMINHÃO LEVE | D3: 1 | E3: 1 | F3: =D3-E3 -> 0 | H3: 343460 | I3: =H3*D3 -> 343460 | J3: AFA | K3: FOTON 916 | L3: 46.135.499/0002-26 | M3: FORZA DISTRIBUIDORA LTDA | Q3: 46351 | R3: item 7.6.1 tr 305
A4: 1 P250003 | B4: C1-01A-DTS | C4: CAMINHÃO LEVE | D4: 1 | E4: 1 | F4: =D4-E4 -> 0 | H4: 343460 | I4: =H4*D4 -> 343460 | J4: BAAN | K4: FOTON 917 | L4: 46.135.499/0002-26 | M4: FORZA DISTRIBUIDORA LTDA | Q4: 46351
A5: 1 P250003 | B5: C1-01A-DTS | C5: CAMINHÃO LEVE | D5: 1 | E5: 1 | F5: =D5-E5 -> 0 | H5: 343460 | I5: =H5*D5 -> 343460 | J5: BACG | K5: FOTON 918 | L5: 46.135.499/0002-26 | M5: FORZA DISTRIBUIDORA LTDA | Q5: 46351
A6: 1 P250003 | B6: C1-01A-DTS | C6: CAMINHÃO LEVE | D6: 1 | E6: 0 | F6: =D6-E6 -> 1 | H6: 343460 | I6: =H6*D6 -> 343460 | J6: BAPV | K6: FOTON 919 | L6: 46.135.499/0002-26 | M6: FORZA DISTRIBUIDORA LTDA | Q6: 46351
A7: 1 P250003 | B7: C1-01A-DTS | C7: CAMINHÃO LEVE | D7: 1 | E7: 1 | F7: =D7-E7 -> 0 | H7: 343460 | I7: =H7*D7 -> 343460 | J7: BASM | K7: FOTON 920 | L7: 46.135.499/0002-26 | M7: FORZA DISTRIBUIDORA LTDA | Q7: 46351
A8: 1 P250003 | B8: C1-01A-DTS | C8: CAMINHÃO LEVE | D8: 1 | E8: 0 | F8: =D8-E8 -> 1 | H8: 343460 | I8: =H8*D8 -> 343460 | J8: COMARA | K8: FOTON 921 | L8: 46.135.499/0002-26 | M8: FORZA DISTRIBUIDORA LTDA | Q8: 46351
A9: 1 P250003 | B9: C1-01A-DTS | C9: CAMINHÃO LEVE | D9: 1 | E9: 0 | F9: =D9-E9 -> 1 | H9: 343460 | I9: =H9*D9 -> 343460 | J9: GAP-AF | K9: FOTON 922 | L9: 46.135.499/0002-26 | M9: FORZA DISTRIBUIDORA LTDA | Q9: 46351
A10: 1 P250003 | B10: C1-01A-DTS | C10: CAMINHÃO LEVE | D10: 1 | E10: 0 | F10: =D10-E10 -> 1 | H10: 343460 | I10: =H10*D10 -> 343460 | J10: GAP-CO | K10: FOTON 923 | L10: 46.135.499/0002-26 | M10: FORZA DISTRIBUIDORA LTDA | Q10: 46351
A11: 1 P250003 | B11: C1-01A-DTS | C11: CAMINHÃO LEVE | D11: 1 | E11: 0 | F11: =D11-E11 -> 1 | H11: 343460 | I11: =H11*D11 -> 343460 | J11: GAP-DF | K11: FOTON 924 | L11: 46.135.499/0002-26 | M11: FORZA DISTRIBUIDORA LTDA | Q11: 46351
A12: 1 P250003 | B12: C1-01A-DTS | C12: CAMINHÃO LEVE | D12: 1 | E12: 0 | F12: =D12-E12 -> 1 | H12: 343460 | I12: =H12*D12 -> 343460 | J12: GAP-GL | K12: FOTON 925 | L12: 46.135.499/0002-26 | M12: FORZA DISTRIBUIDORA LTDA | Q12: 46351
A13: 1 P250003 | B13: C1-01A-DTS | C13: CAMINHÃO LEVE | D13: 1 | E13: 1 | F13: =D13-E13 -> 0 | H13: 343460 | I13: =H13*D13 -> 343460 | J13: GAP-RF | K13: FOTON 926 | L13: 46.135.499/0002-26 | M13: FORZA DISTRIBUIDORA LTDA | Q13: 46351
A14: 1 P250003 | B14: C1-01A-DTS | C14: CAMINHÃO LEVE | D14: 1 | E14: 0 | F14: =D14-E14 -> 1 | H14: 343460 | I14: =H14*D14 -> 343460 | J14: GAP-RJ | K14: FOTON 927 | L14: 46.135.499/0002-26 | M14: FORZA DISTRIBUIDORA LTDA | Q14: 46351
A15: 1 P250003 | B15: C1-01A-DTS | C15: CAMINHÃO LEVE | D15: 1 | E15: 0 | F15: =D15-E15 -> 1 | H15: 343460 | I15: =H15*D15 -> 343460 | J15: GAP-SJ | K15: FOTON 928 | L15: 46.135.499/0002-26 | M15: FORZA DISTRIBUIDORA LTDA | Q15: 46351
... A24: 2 P250003 | B24: C2-01A-DTS | C24: CAMINHÃO MÉDIO/PESADO | D24: 1 | E24: 1 | F24: =D24-E24 -> 0 | H24: 437680 | I24: =H24*D24 -> 437680 | J24: GAP-SJ | K24: FOTON 1722 | L24: 46.135.499/0002-26 | M24: FORZA DISTRIBUIDORA LTDA | Q24: 46351
A25: 3 | B25: C3-01A-DTS | C25: SEMIRREBOQUE | D25: 1 | E25: 0 | F25: =D25-E25 -> 1 | I25: =H25*D25 -> 0 | J25: COMARA
A26: 3 | B26: C3-01A-DTS | C26: SEMIRREBOQUE | D26: 1 | E26: 0 | F26: =D26-E26 -> 1 | I26: =H26*D26 -> 0 | J26: BASM
A27: 3 | B27: C3-01A-DTS | C27: SEMIRREBOQUE | D27: 1 | E27: 0 | F27: =D27-E27 -> 1 | I27: =H27*D27 -> 0 | J27: CPBV-CC
A28: 3 | B28: C3-01A-DTS | C28: SEMIRREBOQUE | D28: 1 | E28: 0 | F28: =D28-E28 -> 1 | I28: =H28*D28 -> 0 | J28: GAP-GL
A29: 3 | B29: C3-01A-DTS | C29: SEMIRREBOQUE | D29: 1 | E29: 0 | F29: =D29-E29 -> 1 | I29: =H29*D29 -> 0 | J29: GAP-RJ
A30: 3 | B30: C3-01A-DTS | C30: SEMIRREBOQUE | D30: 1 | E30: 0 | F30: =D30-E30 -> 1 | I30: =H30*D30 -> 0 | J30: GAP-SP
A31: 4 P250004 | B31: C4-02A-DTS | C31: FURGÃO LEVE | D31: 1 | E31: 1 | F31: =D31-E31 -> 0 | H31: 290000 | I31: =H31*D31 -> 290000 | J31: AFA | K31: MASTER L2H2 FURGÃO 150 CV DIESEL 0KM | L31: 29.987.662/0001-89 | M31: SOCIETE COMERCIO DE VEICULOS LTDA
A32: 4 P250004 | B32: C4-02A-DTS | C32: FURGÃO LEVE | D32: 1 | E32: 1 | F32: =D32-E32 -> 0 | H32: 290000 | I32: =H32*D32 -> 290000 | J32: BAAN | K32: MASTER L2H2 FURGÃO 150 CV DIESEL 0KM | L32: 29.987.662/0001-89 | M32: SOCIETE COMERCIO DE VEICULOS LTDA | Q32: 46347
A33: 4 P250004 | B33: C4-02A-DTS | C33: FURGÃO LEVE | D33: 1 | E33: 1 | F33: =D33-E33 -> 0 | H33: 290000 | I33: =H33*D33 -> 290000 | J33: BANT | K33: MASTER L2H2 FURGÃO 150 CV DIESEL 0KM | L33: 29.987.662/0001-89 | M33: SOCIETE COMERCIO DE VEICULOS LTDA | Q33: 46347
A34: 4 P250004 | B34: C4-02A-DTS | C34: FURGÃO LEVE | D34: 1 | E34: 1 | F34: =D34-E34 -> 0 | H34: 290000 | I34: =H34*D34 -> 290000 | J34: BASM | K34: MASTER L2H2 FURGÃO 150 CV DIESEL 0KM | L34: 29.987.662/0001-89 | M34: SOCIETE COMERCIO DE VEICULOS LTDA | Q34: 46347
A35: 4 P250004 | B35: C4-02A-DTS | C35: FURGÃO LEVE | D35: 1 | E35: 1 | F35: =D35-E35 -> 0 | H35: 290000 | I35: =H35*D35 -> 290000 | J35: COMARA | K35: MASTER L2H2 FURGÃO 150 CV DIESEL 0KM | L35: 29.987.662/0001-89 | M35: SOCIETE COMERCIO DE VEICULOS LTDA | Q35: 46347
A36: 4 P250004 | B36: C4-02A-DTS | C36: FURGÃO LEVE | D36: 1 | E36: 1 | F36: =D36-E36 -> 0 | H36: 290000 | I36: =H36*D36 -> 290000 | J36: DECEA | K36: MASTER L2H2 FURGÃO 150 CV DIESEL 0KM | L36: 29.987.662/0001-89 | M36: SOCIETE COMERCIO DE VEICULOS LTDA | Q36: 46347
A37: 4 P250004 | B37: C4-02A-DTS | C37: FURGÃO LEVE | D37: 1 | E37: 0 | F37: =D37-E37 -> 1 | H37: 290000 | I37: =H37*D37 -> 290000 | J37: EPCAR | K37: MASTER L2H2 FURGÃO 150 CV DIESEL 0KM | L37: 29.987.662/0001-89 | M37: SOCIETE COMERCIO DE VEICULOS LTDA | Q37: 46347
A38: 4 P250004 | B38: C4-02A-DTS | C38: FURGÃO LEVE | D38: 1 | E38: 1 | F38: =D38-E38 -> 0 | H38: 290000 | I38: =H38*D38 -> 290000 | J38: GAP-AF | K38: MASTER L2H2 FURGÃO 150 CV DIESEL 0KM | L38: 29.987.662/0001-89 | M38: SOCIETE COMERCIO DE VEICULOS LTDA | Q38: 46347
A39: 4 P250004 | B39: C4-02A-DTS | C39: FURGÃO LEVE | D39: 1 | E39: 1 | F39: =D39-E39 -> 0 | H39: 290000 | I39: =H39*D39 -> 290000 | J39: GABAER | K39: MASTER L2H2 FURGÃO 150 CV DIESEL 0KM | L39: 29.987.662/0001-89 | M39: SOCIETE COMERCIO DE VEICULOS LTDA | Q39: 46347
A40: 4 P250004 | B40: C4-02A-DTS | C40: FURGÃO LEVE | D40: 1 | E40: 1 | F40: =D40-E40 -> 0 | H40: 290000 | I40: =H40*D40 -> 290000 | J40: GAP-CO | K40: MASTER L2H2 FURGÃO 150 CV DIESEL 0KM | L40: 29.987.662/0001-89 | M40: SOCIETE COMERCIO DE VEICULOS LTDA | Q40: 46347
A41: 4 P250004 | B41: C4-02A-DTS | C41: FURGÃO LEVE | D41: 1 | E41: 0 | F41: =D41-E41 -> 1 | H41: 290000 | I41: =H41*D41 -> 290000 | J41: GAP-DF | K41: MASTER L2H2 FURGÃO 150 CV DIESEL 0KM | L41: 29.987.662/0001-89 | M41: SOCIETE COMERCIO DE VEICULOS LTDA | Q41: 46347
A42: 4 P250004 | B42: C4-02A-DTS | C42: FURGÃO LEVE | D42: 1 | E42: 0 | F42: =D42-E42 -> 1 | H42: 290000 | I42: =H42*D42 -> 290000 | J42: GAP-GL | K42: MASTER L2H2 FURGÃO 150 CV DIESEL 0KM | L42: 29.987.662/0001-89 | M42: SOCIETE COMERCIO DE VEICULOS LTDA | Q42: 46347
A43: 4 P250004 | B43: C4-02A-DTS | C43: FURGÃO LEVE | D43: 1 | E43: 1 | F43: =D43-E43 -> 0 | H43: 290000 | I43: =H43*D43 -> 290000 | J43: GAP-SJ | K43: MASTER L2H2 FURGÃO 150 CV DIESEL 0KM | L43: 29.987.662/0001-89 | M43: SOCIETE COMERCIO DE VEICULOS LTDA | Q43: 46347
... A45: 4 P250004 | B45: C4-02A-DTS | C45: FURGÃO LEVE | D45: 1 | E45: 0 | F45: =D45-E45 -> 1 | H45: 290000 | I45: =H45*D45 -> 290000 | J45: PAME-RJ | K45: MASTER L2H2 FURGÃO 150 CV DIESEL 0KM | L45: 29.987.662/0001-89 | M45: SOCIETE COMERCIO DE VEICULOS LTDA | Q45: 46347
A46: 5 | B46: C5-02A-DTS | C46: CAMINHÃO BAÚ | D46: 1 | E46: 0 | F46: =D46-E46 -> 1 | I46: =H46*D46 -> 0 | J46: AFA
A47: 5 | B47: C5-02A-DTS | C47: CAMINHÃO BAÚ | D47: 1 | E47: 0 | F47: =D47-E47 -> 1 | I47: =H47*D47 -> 0 | J47: BACG
A48: 5 | B48: C5-02A-DTS | C48: CAMINHÃO BAÚ | D48: 1 | E48: 0 | F48: =D48-E48 -> 1 | I48: =H48*D48 -> 0 | J48: BASM
A49: 5 | B49: C5-02A-DTS | C49: CAMINHÃO BAÚ | D49: 1 | E49: 0 | F49: =D49-E49 -> 1 | I49: =H49*D49 -> 0 | J49: CLA
A50: 5 | B50: C5-02A-DTS | C50: CAMINHÃO BAÚ | D50: 1 | E50: 0 | F50: =D50-E50 -> 1 | I50: =H50*D50 -> 0 | J50: CRCEA-SE
A51: 5 | B51: C5-02A-DTS | C51: CAMINHÃO BAÚ | D51: 1 | E51: 0 | F51: =D51-E51 -> 1 | I51: =H51*D51 -> 0 | J51: GAP-AF
A52: 5 | B52: C5-02A-DTS | C52: CAMINHÃO BAÚ | D52: 1 | E52: 0 | F52: =D52-E52 -> 1 | I52: =H52*D52 -> 0 | J52: GAP-DF
A53: 5 | B53: C5-02A-DTS | C53: CAMINHÃO BAÚ | D53: 1 | E53: 0 | F53: =D53-E53 -> 1 | I53: =H53*D53 -> 0 | J53: GAP-GL
A54: 5 | B54: C5-02A-DTS | C54: CAMINHÃO BAÚ | D54: 1 | E54: 0 | F54: =D54-E54 -> 1 | I54: =H54*D54 -> 0 | J54: GAP-LS
A55: 5 | B55: C5-02A-DTS | C55: CAMINHÃO BAÚ | D55: 1 | E55: 0 | F55: =D55-E55 -> 1 | I55: =H55*D55 -> 0 | J55: GAP-SP
A56: 6 P250005 | B56: C6-01A-DTS | C56: PICK UP CABINE SIMPLES | D56: 1 | E56: 1 | F56: =D56-E56 -> 0 | H56: 117110 | I56: =H56*D56 -> 117110 | J56: AFA | K56: STRADA ENDURANCE CABINE PLUS 1.3 FLEX | L56: 60.191.278/0001-15 | M56: CABRAL AUTOMOVEIS MULTIMARCAS LTDA | N56: (65)99973-9698 | O56: contato@grupoaccomercio.com.br | Q56: 46353
A57: 6 P250005 | B57: C6-01A-DTS | C57: PICK UP CABINE SIMPLES | D57: 1 | E57: 1 | F57: =D57-E57 -> 0 | H57: 117110 | I57: =H57*D57 -> 117110 | J57: BAAN | K57: STRADA ENDURANCE CABINE PLUS 1.3 FLEX | L57: 60.191.278/0001-15 | M57: CABRAL AUTOMOVEIS MULTIMARCAS LTDA | N57: (65)99973-9698 | O57: contato@grupoaccomercio.com.br | Q57: 46353
A58: 6 P250005 | B58: C6-01A-DTS | C58: PICK UP CABINE SIMPLES | D58: 1 | E58: 1 | F58: =D58-E58 -> 0 | H58: 117110 | I58: =H58*D58 -> 117110 | J58: BACG | K58: STRADA ENDURANCE CABINE PLUS 1.3 FLEX | L58: 60.191.278/0001-15 | M58: CABRAL AUTOMOVEIS MULTIMARCAS LTDA | N58: (65)99973-9698 | O58: contato@grupoaccomercio.com.br | Q58: 46353
A59: 6 P250005 | B59: C6-01A-DTS | C59: PICK UP CABINE SIMPLES | D59: 1 | E59: 1 | F59: =D59-E59 -> 0 | H59: 117110 | I59: =H59*D59 -> 117110 | J59: BANT | K59: STRADA ENDURANCE CABINE PLUS 1.3 FLEX | L59: 60.191.278/0001-15 | M59: CABRAL AUTOMOVEIS MULTIMARCAS LTDA | N59: (65)99973-9698 | O59: contato@grupoaccomercio.com.br | Q59: 46353
A60: 6 P250005 | B60: C6-01A-DTS | C60: PICK UP CABINE SIMPLES | D60: 1 | E60: 1 | F60: =D60-E60 -> 0 | H60: 117110 | I60: =H60*D60 -> 117110 | J60: COMARA | K60: STRADA ENDURANCE CABINE PLUS 1.3 FLEX | L60: 60.191.278/0001-15 | M60: CABRAL AUTOMOVEIS MULTIMARCAS LTDA | N60: (65)99973-9698 | O60: contato@grupoaccomercio.com.br | Q60: 46353
A61: 6 P250005 | B61: C6-01A-DTS | C61: PICK UP CABINE SIMPLES | D61: 1 | E61: 1 | F61: =D61-E61 -> 0 | H61: 117110 | I61: =H61*D61 -> 117110 | J61: CPBV-CC | K61: STRADA ENDURANCE CABINE PLUS 1.3 FLEX | L61: 60.191.278/0001-15 | M61: CABRAL AUTOMOVEIS MULTIMARCAS LTDA | N61: (65)99973-9698 | O61: contato@grupoaccomercio.com.br | Q61: 46353
A62: 6 P250005 | B62: C6-01A-DTS | C62: PICK UP CABINE SIMPLES | D62: 1 | E62: 1 | F62: =D62-E62 -> 0 | H62: 117110 | I62: =H62*D62 -> 117110 | J62: GAP-AF | K62: STRADA ENDURANCE CABINE PLUS 1.3 FLEX | L62: 60.191.278/0001-15 | M62: CABRAL AUTOMOVEIS MULTIMARCAS LTDA | N62: (65)99973-9698 | O62: contato@grupoaccomercio.com.br | Q62: 46353
A63: 6 P250005 | B63: C6-01A-DTS | C63: PICK UP CABINE SIMPLES | D63: 1 | E63: 1 | F63: =D63-E63 -> 0 | H63: 117110 | I63: =H63*D63 -> 117110 | J63: GAP-SJ | K63: STRADA ENDURANCE CABINE PLUS 1.3 FLEX | L63: 60.191.278/0001-15 | M63: CABRAL AUTOMOVEIS MULTIMARCAS LTDA | N63: (65)99973-9698 | O63: contato@grupoaccomercio.com.br | Q63: 46353
A64: 6 P250005 | B64: C6-01A-DTS | C64: PICK UP CABINE SIMPLES | D64: 1 | E64: 1 | F64: =D64-E64 -> 0 | H64: 117110 | I64: =H64*D64 -> 117110 | J64: GAP-SP | K64: STRADA ENDURANCE CABINE PLUS 1.3 FLEX | L64: 60.191.278/0001-15 | M64: CABRAL AUTOMOVEIS MULTIMARCAS LTDA | N64: (65)99973-9698 | O64: contato@grupoaccomercio.com.br | Q64: 46353
A65: 7 P250017 | B65: C7-01A-DTS | C65: CAMINHÃO | D65: 1 | E65: 0 | F65: =D65-E65 -> 1 | H65: 577000 | I65: =H65*D65 -> 577000 | J65: GAP-AF | K65: . | L65: 11.726.521/0001-47 | M65: TRANSRIO CAMINHOES, ONIBUS, MAQUINAS E MOTORES LTDA | Q65: 46367
A66: 7 P250017 | B66: C7-01A-DTS | C66: CAMINHÃO | D66: 1 | E66: 0 | F66: =D66-E66 -> 1 | H66: 577000 | I66: =H66*D66 -> 577000 | J66: GAP-GL | K66: Volkswagen 26260 carroceria carga seca | L66: 11.726.521/0001-47 | M66: TRANSRIO CAMINHOES, ONIBUS, MAQUINAS E MOTORES LTDA | Q66: 46367
A67: 8 P250018 | B67: E10-02A-DTS | C67: EMPILHADEIRA | D67: 1 | E67: 1 | F67: =D67-E67 -> 0 | H67: 93500 | I67: =H67*D67 -> 93500 | J67: BAAN | K67: FD25 | L67: 47.895.183/0001-14 | M67: MEGA IMPORTADORA MAQUINAS E PECAS LTDA | Q67: 46365
A68: 8 P250018 | B68: E10-02A-DTS | C68: EMPILHADEIRA | D68: 1 | E68: 1 | F68: =D68-E68 -> 0 | H68: 93500 | I68: =H68*D68 -> 93500 | J68: BANT | K68: FD25 | L68: 47.895.183/0001-14 | M68: MEGA IMPORTADORA MAQUINAS E PECAS LTDA | Q68: 46365
A69: 8 P250018 | B69: E10-02A-DTS | C69: EMPILHADEIRA | D69: 1 | E69: 0 | F69: =D69-E69 -> 1 | H69: 93500 | I69: =H69*D69 -> 93500 | J69: CTLA | K69: FD25 | L69: 47.895.183/0001-14 | M69: MEGA IMPORTADORA MAQUINAS E PECAS LTDA | Q69: 46365
A70: 8 P250018 | B70: E10-02A-DTS | C70: EMPILHADEIRA | D70: 1 | E70: 1 | F70: =D70-E70 -> 0 | H70: 93500 | I70: =H70*D70 -> 93500 | J70: GAP-AF | K70: FD25 | L70: 47.895.183/0001-14 | M70: MEGA IMPORTADORA MAQUINAS E PECAS LTDA | Q70: 46365
A71: 8 P250018 | B71: E10-02A-DTS | C71: EMPILHADEIRA | D71: 1 | E71: 1 | F71: =D71-E71 -> 0 | H71: 93500 | I71: =H71*D71 -> 93500 | J71: GAP-BE | K71: FD25 | L71: 47.895.183/0001-14 | M71: MEGA IMPORTADORA MAQUINAS E PECAS LTDA | Q71: 46365
A72: 8 P250018 | B72: E10-02A-DTS | C72: EMPILHADEIRA | D72: 1 | E72: 0 | F72: =D72-E72 -> 1 | H72: 93500 | I72: =H72*D72 -> 93500 | J72: GAP-LS | K72: FD25 | L72: 47.895.183/0001-14 | M72: MEGA IMPORTADORA MAQUINAS E PECAS LTDA | Q72: 46365
A73: 8 P250018 | B73: E10-02A-DTS | C73: EMPILHADEIRA | D73: 1 | E73: 1 | F73: =D73-E73 -> 0 | H73: 93500 | I73: =H73*D73 -> 93500 | J73: GAP-MN | K73: FD25 | L73: 47.895.183/0001-14 | M73: MEGA IMPORTADORA MAQUINAS E PECAS LTDA | Q73: 46365
A74: 8 P250018 | B74: E10-02A-DTS | C74: EMPILHADEIRA | D74: 1 | E74: 0 | F74: =D74-E74 -> 1 | H74: 93500 | I74: =H74*D74 -> 93500 | J74: GAP-SJ | K74: FD25 | L74: 47.895.183/0001-14 | M74: MEGA IMPORTADORA MAQUINAS E PECAS LTDA | Q74: 46365
A75: 8 P250018 | B75: E10-02A-DTS | C75: EMPILHADEIRA | D75: 1 | E75: 0 | F75: =D75-E75 -> 1 | H75: 93500 | I75: =H75*D75 -> 93500 | J75: GAP-SP | K75: FD25 | L75: 47.895.183/0001-14 | M75: MEGA IMPORTADORA MAQUINAS E PECAS LTDA | Q75: 46365
A76: 9 P250021 | B76: E12-02B-DTS | C76: TRATOR DE RODAS COM ROÇADEIRA | D76: 2 | E76: 2 | F76: =D76-E76 -> 0 | H76: 214988 | I76: =H76*D76 -> 429976 | J76: CLBI | K76: NLX754 | L76: 47.075.363/0001-50 | M76: COMAZI TRATORES E MAQUINAS LTDA | N76: (62) 3086-9990 | O76: licitacao@comazimaquinas.com.br | Q76: 46393
A77: 9 P250021 | B77: E12-02B-DTS | C77: TRATOR DE RODAS COM ROÇADEIRA | D77: 1 | E77: 1 | F77: =D77-E77 -> 0 | H77: 214988 | I77: =H77*D77 -> 214988 | J77: BACG | K77: NLX754 | L77: 47.075.363/0001-50 | M77: COMAZI TRATORES E MAQUINAS LTDA | N77: (62) 3086-9990 | O77: licitacao@comazimaquinas.com.br | Q77: 46393
A78: 9 P250021 | B78: E12-02B-DTS | C78: TRATOR DE RODAS COM ROÇADEIRA | D78: 1 | E78: 1 | F78: =D78-E78 -> 0 | H78: 214988 | I78: =H78*D78 -> 214988 | J78: BAAN | K78: NLX754 | L78: 47.075.363/0001-50 | M78: COMAZI TRATORES E MAQUINAS LTDA | N78: (62) 3086-9990 | O78: licitacao@comazimaquinas.com.br | Q78: 46393
A79: 9 P250021 | B79: E12-02B-DTS | C79: TRATOR DE RODAS COM ROÇADEIRA | D79: 1 | E79: 1 | F79: =D79-E79 -> 0 | H79: 214988 | I79: =H79*D79 -> 214988 | J79: BASC | K79: NLX754 | L79: 47.075.363/0001-50 | M79: COMAZI TRATORES E MAQUINAS LTDA | N79: (62) 3086-9990 | O79: licitacao@comazimaquinas.com.br | Q79: 46393
A80: 9 P250021 | B80: E12-02B-DTS | C80: TRATOR DE RODAS COM ROÇADEIRA | D80: 1 | E80: 1 | F80: =D80-E80 -> 0 | H80: 214988 | I80: =H80*D80 -> 214988 | J80: BASM | K80: NLX754 | L80: 47.075.363/0001-50 | M80: COMAZI TRATORES E MAQUINAS LTDA | N80: (62) 3086-9990 | O80: licitacao@comazimaquinas.com.br | Q80: 46393
A81: 9 P250021 | B81: E12-02B-DTS | C81: TRATOR DE RODAS COM ROÇADEIRA | D81: 1 | E81: 1 | F81: =D81-E81 -> 0 | H81: 214988 | I81: =H81*D81 -> 214988 | J81: BASV | K81: NLX754 | L81: 47.075.363/0001-50 | M81: COMAZI TRATORES E MAQUINAS LTDA | N81: (62) 3086-9990 | O81: licitacao@comazimaquinas.com.br | Q81: 46393
A82: 9 P250021 | B82: E12-02B-DTS | C82: TRATOR DE RODAS COM ROÇADEIRA | D82: 1 | E82: 1 | F82: =D82-E82 -> 0 | H82: 214988 | I82: =H82*D82 -> 214988 | J82: BAPV | K82: NLX754 | L82: 47.075.363/0001-50 | M82: COMAZI TRATORES E MAQUINAS LTDA | N82: (62) 3086-9990 | O82: licitacao@comazimaquinas.com.br | Q82: 46393
A83: 9 P250021 | B83: E12-02B-DTS | C83: TRATOR DE RODAS COM ROÇADEIRA | D83: 1 | E83: 1 | F83: =D83-E83 -> 0 | H83: 214988 | I83: =H83*D83 -> 214988 | J83: COMARA | K83: NLX754 | L83: 47.075.363/0001-50 | M83: COMAZI TRATORES E MAQUINAS LTDA | N83: (62) 3086-9990 | O83: licitacao@comazimaquinas.com.br | Q83: 46393
A84: 9 P250021 | B84: E12-02B-DTS | C84: TRATOR DE RODAS COM ROÇADEIRA | D84: 2 | E84: 2 | F84: =D84-E84 -> 0 | H84: 214988 | I84: =H84*D84 -> 429976 | J84: GAP-CO | K84: NLX754 | L84: 47.075.363/0001-50 | M84: COMAZI TRATORES E MAQUINAS LTDA | N84: (62) 3086-9990 | O84: licitacao@comazimaquinas.com.br | Q84: 46393
A85: 9 P250021 | B85: E12-02B-DTS | C85: TRATOR DE RODAS COM ROÇADEIRA | D85: 1 | E85: 1 | F85: =D85-E85 -> 0 | H85: 214988 | I85: =H85*D85 -> 214988 | J85: GAP-AF | K85: NLX754 | L85: 47.075.363/0001-50 | M85: COMAZI TRATORES E MAQUINAS LTDA | N85: (62) 3086-9990 | O85: licitacao@comazimaquinas.com.br | Q85: 46393
A86: 9 P250021 | B86: E12-02B-DTS | C86: TRATOR DE RODAS COM ROÇADEIRA | D86: 1 | E86: 1 | F86: =D86-E86 -> 0 | H86: 214988 | I86: =H86*D86 -> 214988 | J86: GAP-MN | K86: NLX754 | L86: 47.075.363/0001-50 | M86: COMAZI TRATORES E MAQUINAS LTDA | N86: (62) 3086-9990 | O86: licitacao@comazimaquinas.com.br | Q86: 46393
A87: 9 P250021 | B87: E12-02B-DTS | C87: TRATOR DE RODAS COM ROÇADEIRA | D87: 1 | E87: 1 | F87: =D87-E87 -> 0 | H87: 214988 | I87: =H87*D87 -> 214988 | J87: GAP-DF | K87: NLX754 | L87: 47.075.363/0001-50 | M87: COMAZI TRATORES E MAQUINAS LTDA | N87: (62) 3086-9990 | O87: licitacao@comazimaquinas.com.br | Q87: 46393
... A89: 9 P250021 | B89: E12-02B-DTS | C89: TRATOR DE RODAS COM ROÇADEIRA | D89: 1 | E89: 1 | F89: =D89-E89 -> 0 | H89: 214988 | I89: =H89*D89 -> 214988 | J89: GAP-SP | K89: NLX754 | L89: 47.075.363/0001-50 | M89: COMAZI TRATORES E MAQUINAS LTDA | N89: (62) 3086-9990 | O89: licitacao@comazimaquinas.com.br | Q89: 46393
A90: 10 | B90: E13-01A-DTS | C90: TRATOR DE ESTEIRAS | D90: 1 | E90: 0 | F90: =D90-E90 -> 1 | I90: =H90*D90 -> 0 | J90: COMARA
A91: 11 P250006 | B91: E14-01A-DTS | C91: MICROTRATOR COM APARADOR DE GRAMA | D91: 2 | E91: 2 | F91: =D91-E91 -> 0 | H91: 19700 | I91: =H91*D91 -> 39400 | J91: BAPV | K91: TEKNA TCG42-17M | L91: 36.374.350/0001-65 | M91: DIOGO EMANUEL KUHN & CIA. LTDA | N91: (42) 3252-3627 | O91: licitacao.diogopecas@gmail.com | Q91: 46354
A92: 11 P250006 | B92: E14-01A-DTS | C92: MICROTRATOR COM APARADOR DE GRAMA | D92: 1 | E92: 1 | F92: =D92-E92 -> 0 | H92: 19700 | I92: =H92*D92 -> 19700 | J92: BASC | K92: TEKNA TCG42-17M | L92: 36.374.350/0001-65 | M92: DIOGO EMANUEL KUHN & CIA. LTDA | N92: (42) 3252-3627 | O92: licitacao.diogopecas@gmail.com | Q92: 46354
A93: 11 P250006 | B93: E14-01A-DTS | C93: MICROTRATOR COM APARADOR DE GRAMA | D93: 1 | E93: 1 | F93: =D93-E93 -> 0 | H93: 19700 | I93: =H93*D93 -> 19700 | J93: BASV | K93: TEKNA TCG42-17M | L93: 36.374.350/0001-65 | M93: DIOGO EMANUEL KUHN & CIA. LTDA | N93: (42) 3252-3627 | O93: licitacao.diogopecas@gmail.com | Q93: 46354
A94: 11 P250006 | B94: E14-01A-DTS | C94: MICROTRATOR COM APARADOR DE GRAMA | D94: 2 | E94: 2 | F94: =D94-E94 -> 0 | H94: 19700 | I94: =H94*D94 -> 39400 | J94: GAP-AF | K94: TEKNA TCG42-17M | L94: 36.374.350/0001-65 | M94: DIOGO EMANUEL KUHN & CIA. LTDA | N94: (42) 3252-3627 | O94: licitacao.diogopecas@gmail.com | Q94: 46354
A95: 11 P250006 | B95: E14-01A-DTS | C95: MICROTRATOR COM APARADOR DE GRAMA | D95: 2 | E95: 2 | F95: =D95-E95 -> 0 | H95: 19700 | I95: =H95*D95 -> 39400 | J95: GAP-BE | K95: TEKNA TCG42-17M | L95: 36.374.350/0001-65 | M95: DIOGO EMANUEL KUHN & CIA. LTDA | N95: (42) 3252-3627 | O95: licitacao.diogopecas@gmail.com | Q95: 46354
A96: 11 P250006 | B96: E14-01A-DTS | C96: MICROTRATOR COM APARADOR DE GRAMA | D96: 1 | E96: 1 | F96: =D96-E96 -> 0 | H96: 19700 | I96: =H96*D96 -> 19700 | J96: GAP-CO | K96: TEKNA TCG42-17M | L96: 36.374.350/0001-65 | M96: DIOGO EMANUEL KUHN & CIA. LTDA | N96: (42) 3252-3627 | O96: licitacao.diogopecas@gmail.com | Q96: 46354
A97: 11 P250006 | B97: E14-01A-DTS | C97: MICROTRATOR COM APARADOR DE GRAMA | D97: 1 | E97: 1 | F97: =D97-E97 -> 0 | H97: 19700 | I97: =H97*D97 -> 19700 | J97: GAP-DF | K97: TEKNA TCG42-17M | L97: 36.374.350/0001-65 | M97: DIOGO EMANUEL KUHN & CIA. LTDA | N97: (42) 3252-3627 | O97: licitacao.diogopecas@gmail.com | Q97: 46354
A98: 11 P250006 | B98: E14-01A-DTS | C98: MICROTRATOR COM APARADOR DE GRAMA | D98: 1 | E98: 1 | F98: =D98-E98 -> 0 | H98: 19700 | I98: =H98*D98 -> 19700 | J98: GAP-GL | K98: TEKNA TCG42-17M | L98: 36.374.350/0001-65 | M98: DIOGO EMANUEL KUHN & CIA. LTDA | N98: (42) 3252-3627 | O98: licitacao.diogopecas@gmail.com | Q98: 46354
A99: 11 P250006 | B99: E14-01A-DTS | C99: MICROTRATOR COM APARADOR DE GRAMA | D99: 1 | E99: 1 | F99: =D99-E99 -> 0 | H99: 19700 | I99: =H99*D99 -> 19700 | J99: GAP-SJ | K99: TEKNA TCG42-17M | L99: 36.374.350/0001-65 | M99: DIOGO EMANUEL KUHN & CIA. LTDA | N99: (42) 3252-3627 | O99: licitacao.diogopecas@gmail.com | Q99: 46354
A100: 11 P250006 | B100: E14-01A-DTS | C100: MICROTRATOR COM APARADOR DE GRAMA | D100: 3 | E100: 3 | F100: =D100-E100 -> 0 | H100: 19700 | I100: =H100*D100 -> 59100 | J100: GAP-SP | K100: TEKNA TCG42-17M | L100: 36.374.350/0001-65 | M100: DIOGO EMANUEL KUHN & CIA. LTDA | N100: (42) 3252-3627 | O100: licitacao.diogopecas@gmail.com | Q100: 46354
A101: 12 P250003 | B101: E16-01A-DTS | C101: CAMINHÃO EQUIPADO COM ELEVADOR HIDRÁULICO E CESTO AÉREO | D101: 1 | E101: 0 | F101: =D101-E101 -> 1 | H101: 512000 | I101: =H101*D101 -> 512000 | J101: BAAN | K101: FOTON 916 + CESTO AEREO | L101: 46.135.499/0002-26 | M101: FORZA DISTRIBUIDORA LTDA | Q101: 46351
A102: 12 P250003 | B102: E16-01A-DTS | C102: CAMINHÃO EQUIPADO COM ELEVADOR HIDRÁULICO E CESTO AÉREO | D102: 1 | E102: 0 | F102: =D102-E102 -> 1 | H102: 512000 | I102: =H102*D102 -> 512000 | J102: BABV | K102: FOTON 916 + CESTO AEREO | L102: 46.135.499/0002-26 | M102: FORZA DISTRIBUIDORA LTDA | Q102: 46351
A103: 12 P250003 | B103: E16-01A-DTS | C103: CAMINHÃO EQUIPADO COM ELEVADOR HIDRÁULICO E CESTO AÉREO | D103: 2 | E103: 0 | F103: =D103-E103 -> 2 | H103: 512000 | I103: =H103*D103 -> 1024000 | J103: BACG | K103: FOTON 916 + CESTO AEREO | L103: 46.135.499/0002-26 | M103: cae | Q103: 46351
A104: 12 P250003 | B104: E16-01A-DTS | C104: CAMINHÃO EQUIPADO COM ELEVADOR HIDRÁULICO E CESTO AÉREO | D104: 1 | E104: 0 | F104: =D104-E104 -> 1 | H104: 512000 | I104: =H104*D104 -> 512000 | J104: BANT | K104: FOTON 916 + CESTO AEREO | L104: 46.135.499/0002-26 | M104: FORZA DISTRIBUIDORA LTDA | Q104: 46351
A105: 12 P250003 | B105: E16-01A-DTS | C105: CAMINHÃO EQUIPADO COM ELEVADOR HIDRÁULICO E CESTO AÉREO | D105: 1 | E105: 0 | F105: =D105-E105 -> 1 | H105: 512000 | I105: =H105*D105 -> 512000 | J105: BASC | K105: FOTON 916 + CESTO AEREO | L105: 46.135.499/0002-26 | M105: FORZA DISTRIBUIDORA LTDA | Q105: 46351
A106: 12 P250003 | B106: E16-01A-DTS | C106: CAMINHÃO EQUIPADO COM ELEVADOR HIDRÁULICO E CESTO AÉREO | D106: 1 | E106: 0 | F106: =D106-E106 -> 1 | H106: 512000 | I106: =H106*D106 -> 512000 | J106: BASV | K106: FOTON 916 + CESTO AEREO | L106: 46.135.499/0002-26 | M106: FORZA DISTRIBUIDORA LTDA | Q106: 46351
A107: 12 P250003 | B107: E16-01A-DTS | C107: CAMINHÃO EQUIPADO COM ELEVADOR HIDRÁULICO E CESTO AÉREO | D107: 1 | E107: 0 | F107: =D107-E107 -> 1 | H107: 512000 | I107: =H107*D107 -> 512000 | J107: CPBV-CC | K107: FOTON 916 + CESTO AEREO | L107: 46.135.499/0002-26 | M107: FORZA DISTRIBUIDORA LTDA | Q107: 46351
A108: 12 P250003 | B108: E16-01A-DTS | C108: CAMINHÃO EQUIPADO COM ELEVADOR HIDRÁULICO E CESTO AÉREO | D108: 1 | E108: 0 | F108: =D108-E108 -> 1 | H108: 512000 | I108: =H108*D108 -> 512000 | J108: EEAR | K108: FOTON 916 + CESTO AEREO | L108: 46.135.499/0002-26 | M108: FORZA DISTRIBUIDORA LTDA | Q108: 46351
A109: 12 P250003 | B109: E16-01A-DTS | C109: CAMINHÃO EQUIPADO COM ELEVADOR HIDRÁULICO E CESTO AÉREO | D109: 1 | E109: 1 | F109: =D109-E109 -> 0 | H109: 512000 | I109: =H109*D109 -> 512000 | J109: AFA | K109: FOTON 916 + CESTO AEREO | L109: 46.135.499/0002-26 | M109: FORZA DISTRIBUIDORA LTDA | Q109: 46351
A110: 12 P250003 | B110: E16-01A-DTS | C110: CAMINHÃO EQUIPADO COM ELEVADOR HIDRÁULICO E CESTO AÉREO | D110: 1 | E110: 0 | F110: =D110-E110 -> 1 | H110: 512000 | I110: =H110*D110 -> 512000 | J110: GAP-BE | K110: FOTON 916 + CESTO AEREO | L110: 46.135.499/0002-26 | M110: FORZA DISTRIBUIDORA LTDA | Q110: 46351
...

Sheet 90127_2025
A1: cae | B1: 67106.000472/2025-11 | C1: STATUS ABERTURA DIA 14/04
A2: ITEM | B2: VEÍCULO | C2: NOMENCLATURA | D2: QTD TR | E2: QTD EMPENHADO | F2: QTD DISPONÍVEL | G2: VALOR UNITÁRIO | H2: VALOR TOTAL | I2: OM RECEBEDORA | J2: MARCA | K2: CNPJ | L2: EMPRESA | M2: CONTATO | N2: EMAIL | O2: ATA | P2: VIGÊNCIA | Q2: OBS
A3: 1 | B3: P12-02A-DTS | C3: Carro de Operações | D3: 1 | E3: 0 | F3: =D3-E3 -> 1 | G3: 287400 | H3: =D3*G3 -> 287400 | I3: GAP-CO | J3: FIAT TITANO | K3: 38.428.119/0001-32 | L3: VCS IMPLEMENTOS E VEICULOS LTDA
A4: 1 | B4: P12-02A-DTS | C4: Carro de Operações | D4: 1 | E4: 0 | F4: =D4-E4 -> 1 | G4: 287400 | H4: =D4*G4 -> 287400 | I4: BASM | J4: FIAT TITANO | K4: 38.428.119/0001-32 | L4: VCS IMPLEMENTOS E VEICULOS LTDA
A5: 1 | B5: P12-02A-DTS | C5: Carro de Operações | D5: 1 | E5: 0 | F5: =D5-E5 -> 1 | G5: 287400 | H5: =D5*G5 -> 287400 | I5: GAP-BE | J5: FIAT TITANO | K5: 38.428.119/0001-32 | L5: VCS IMPLEMENTOS E VEICULOS LTDA
A6: 1 | B6: P12-02A-DTS | C6: Carro de Operações | D6: 1 | E6: 0 | F6: =D6-E6 -> 1 | G6: 287400 | H6: =D6*G6 -> 287400 | I6: BANT | J6: FIAT TITANO | K6: 38.428.119/0001-32 | L6: VCS IMPLEMENTOS E VEICULOS LTDA
A7: 1 | B7: P12-02A-DTS | C7: Carro de Operações | D7: 1 | E7: 0 | F7: =D7-E7 -> 1 | G7: 287400 | H7: =D7*G7 -> 287400 | I7: GAP-SP | J7: FIAT TITANO | K7: 38.428.119/0001-32 | L7: VCS IMPLEMENTOS E VEICULOS LTDA
A8: 1 | B8: P12-02A-DTS | C8: Carro de Operações | D8: 1 | E8: 0 | F8: =D8-E8 -> 1 | G8: 287400 | H8: =D8*G8 -> 287400 | I8: BABV | J8: FIAT TITANO | K8: 38.428.119/0001-32 | L8: VCS IMPLEMENTOS E VEICULOS LTDA

Sheet 90034_2025
A1: cae | B1: 67106.000472/2025-11 | C1: STATUS ABERTURA DIA 14/04
A2: ITEM | B2: VEÍCULO | C2: NOMENCLATURA | D2: QTD TR | E2: QTD EMPENHADO | F2: QTD DISPONÍVEL | G2: VALOR UNITÁRIO | H2: VALOR TOTAL | I2: OM RECEBEDORA | J2: MARCA | K2: CNPJ | L2: EMPRESA | M2: CONTATO | N2: EMAIL | O2: ATA | P2: VIGÊNCIA | Q2: OBS
A3: 1 | B3: P1-01A-DTS | C3: VEÍCULO ESPECIAL | D3: 4 | E3: 3 | F3: =D3-E3 -> 1 | G3: 159000 | H3: =D3*G3 -> 636000 | I3: GAP-RJ | J3: Toyota | K3: 59.104.760/0006-04 | L3: TOYOTA DO BRASIL | M3: (15) 99838-3299 | N3: danilo.massini@toyota.com.br
A4: 1 | B4: P1-01A-DTS | C4: VEÍCULO ESPECIAL | D4: 14 | E4: 12 | F4: =D4-E4 -> 2 | G4: 159000 | H4: =D4*G4 -> 2226000 | I4: GAB-BR | J4: Toyota | K4: 59.104.760/0006-04 | L4: TOYOTA DO BRASIL | M4: (15) 99838-3299 | N4: danilo.massini@toyota.com.br
A5: 1 | B5: P1-01A-DTS | C5: VEÍCULO ESPECIAL | D5: 2 | E5: 1 | F5: =D5-E5 -> 1 | G5: 159000 | H5: =D5*G5 -> 318000 | I5: GAP-SP | J5: Toyota | K5: 59.104.760/0006-04 | L5: TOYOTA DO BRASIL | M5: (15) 99838-3299 | N5: danilo.massini@toyota.com.br
A6: 2 | B6: P8-01A-DTS | C6: MOTOCICLETA NORMAL | D6: 1 | E6: 0 | F6: =D6-E6 -> 1 | H6: =D6*G6 -> 0 | I6: AFA | J6: FRACASADA
A7: 2 | B7: P8-01A-DTS | C7: MOTOCICLETA NORMAL | D7: 1 | E7: 0 | F7: =D7-E7 -> 1 | H7: =D7*G7 -> 0 | I7: BACG | J7: FRACASADA
A8: 2 | B8: P8-01A-DTS | C8: MOTOCICLETA NORMAL | D8: 1 | E8: 0 | F8: =D8-E8 -> 1 | H8: =D8*G8 -> 0 | I8: BAFL | J8: FRACASADA
A9: 2 | B9: P8-01A-DTS | C9: MOTOCICLETA NORMAL | D9: 1 | E9: 0 | F9: =D9-E9 -> 1 | H9: =D9*G9 -> 0 | I9: BANT | J9: FRACASADA
A10: 2 | B10: P8-01A-DTS | C10: MOTOCICLETA NORMAL | D10: 1 | E10: 0 | F10: =D10-E10 -> 1 | H10: =D10*G10 -> 0 | I10: BAPV | J10: FRACASADA
A11: 2 | B11: P8-01A-DTS | C11: MOTOCICLETA NORMAL | D11: 1 | E11: 0 | F11: =D11-E11 -> 1 | H11: =D11*G11 -> 0 | I11: BASV | J11: FRACASADA
A12: 2 | B12: P8-01A-DTS | C12: MOTOCICLETA NORMAL | D12: 1 | E12: 0 | F12: =D12-E12 -> 1 | H12: =D12*G12 -> 0 | I12: GAP-MN | J12: FRACASADA
A13: 2 | B13: P8-01A-DTS | C13: MOTOCICLETA NORMAL | D13: 1 | E13: 0 | F13: =D13-E13 -> 1 | H13: =D13*G13 -> 0 | I13: GAP-SP | J13: FRACASADA
A14: 3 | B14: P12-02A-DTS | C14: CARRO DE OPERAÇÕES | D14: 2 | E14: 1 | F14: =D14-E14 -> 1 | G14: 241590 | H14: =D14*G14 -> 483180 | I14: BASC | J14: MITSUBISHI | K14: 54.305.743/0011-70 | L14: HPE AUTOMOTORES DO BRASIL | M14: (11) 98167-5341 | N14: governo@almeidaesilva.com.br
A15: 3 | B15: P12-02A-DTS | C15: CARRO DE OPERAÇÕES | D15: 1 | E15: 1 | F15: =D15-E15 -> 0 | G15: 241590 | H15: =D15*G15 -> 241590 | I15: BASM | J15: MITSUBISHI | K15: 54.305.743/0011-70 | L15: HPE AUTOMOTORES DO BRASIL | M15: (11) 98167-5341 | N15: governo@almeidaesilva.com.br
A16: 3 | B16: P12-02A-DTS | C16: CARRO DE OPERAÇÕES | D16: 2 | E16: 1 | F16: =D16-E16 -> 1 | G16: 241590 | H16: =D16*G16 -> 483180 | I16: CINDACTA II | J16: MITSUBISHI | K16: 54.305.743/0011-70 | L16: HPE AUTOMOTORES DO BRASIL | M16: (11) 98167-5341 | N16: governo@almeidaesilva.com.br
A17: 3 | B17: P12-02A-DTS | C17: CARRO DE OPERAÇÕES | D17: 1 | E17: 0 | F17: =D17-E17 -> 1 | G17: 241590 | H17: =D17*G17 -> 241590 | I17: EPCAR | J17: MITSUBISHI | K17: 54.305.743/0011-70 | L17: HPE AUTOMOTORES DO BRASIL | M17: (11) 98167-5341 | N17: governo@almeidaesilva.com.br
A18: 3 | B18: P12-02A-DTS | C18: CARRO DE OPERAÇÕES | D18: 2 | E18: 1 | F18: =D18-E18 -> 1 | G18: 241590 | H18: =D18*G18 -> 483180 | I18: GAP-BE | J18: MITSUBISHI | K18: 54.305.743/0011-70 | L18: HPE AUTOMOTORES DO BRASIL | M18: (11) 98167-5341 | N18: governo@almeidaesilva.com.br
A19: 3 | B19: P12-02A-DTS | C19: CARRO DE OPERAÇÕES | D19: 1 | E19: 0 | F19: =D19-E19 -> 1 | G19: 241590 | H19: =D19*G19 -> 241590 | I19: GAP-RF | J19: MITSUBISHI | K19: 54.305.743/0011-70 | L19: HPE AUTOMOTORES DO BRASIL | M19: (11) 98167-5341 | N19: governo@almeidaesilva.com.br
A20: 3 | B20: P12-02A-DTS | C20: CARRO DE OPERAÇÕES | D20: 1 | E20: 0 | F20: =D20-E20 -> 1 | G20: 241590 | H20: =D20*G20 -> 241590 | I20: BANT | J20: MITSUBISHI | K20: 54.305.743/0011-70 | L20: HPE AUTOMOTORES DO BRASIL | M20: (11) 98167-5341 | N20: governo@almeidaesilva.com.br
A21: 3 | B21: P12-02A-DTS | C21: CARRO DE OPERAÇÕES | D21: 1 | E21: 0 | F21: =D21-E21 -> 1 | G21: 241590 | H21: =D21*G21 -> 241590 | I21: BASV | J21: MITSUBISHI | K21: 54.305.743/0011-70 | L21: HPE AUTOMOTORES DO BRASIL | M21: (11) 98167-5341 | N21: governo@almeidaesilva.com.br
A22: 3 | B22: P12-02A-DTS | C22: CARRO DE OPERAÇÕES | D22: 1 | E22: 1 | F22: =D22-E22 -> 0 | G22: 241590 | H22: =D22*G22 -> 241590 | I22: GAP-LS | J22: MITSUBISHI | K22: 54.305.743/0011-70 | L22: HPE AUTOMOTORES DO BRASIL | M22: (11) 98167-5341 | N22: governo@almeidaesilva.com.br
A23: 3 | B23: P12-02A-DTS | C23: CARRO DE OPERAÇÕES | D23: 2 | E23: 0 | F23: =D23-E23 -> 2 | G23: 241590 | H23: =D23*G23 -> 483180 | I23: GAP-SJ | J23: MITSUBISHI | K23: 54.305.743/0011-70 | L23: HPE AUTOMOTORES DO BRASIL | M23: (11) 98167-5341 | N23: governo@almeidaesilva.com.br
A24: 3 | B24: P12-02A-DTS | C24: CARRO DE OPERAÇÕES | D24: 1 | E24: 1 | F24: =D24-E24 -> 0 | G24: 241590 | H24: =D24*G24 -> 241590 | I24: COMARA | J24: MITSUBISHI | K24: 54.305.743/0011-70 | L24: HPE AUTOMOTORES DO BRASIL | M24: (11) 98167-5341 | N24: governo@almeidaesilva.com.br
A25: 3 | B25: P12-02A-DTS | C25: CARRO DE OPERAÇÕES | D25: 1 | E25: 0 | F25: =D25-E25 -> 1 | G25: 241590 | H25: =D25*G25 -> 241590 | I25: BACG | J25: MITSUBISHI | K25: 54.305.743/0011-70 | L25: HPE AUTOMOTORES DO BRASIL | M25: (11) 98167-5341 | N25: governo@almeidaesilva.com.br
... A29: 3 | B29: P12-02A-DTS | C29: CARRO DE OPERAÇÕES | D29: 1 | E29: 0 | F29: =D29-E29 -> 1 | G29: 241590 | H29: =D29*G29 -> 241590 | I29: GAP-GL | J29: MITSUBISHI | K29: 54.305.743/0011-70 | L29: HPE AUTOMOTORES DO BRASIL | M29: (11) 98167-5341 | N29: governo@almeidaesilva.com.br
A30: 4 | B30: C4-01A-DTS | C30: FURGÃO LEVE | D30: 4 | E30: 0 | F30: =D30-E30 -> 4 | H30: =D30*G30 -> 0 | I30: GAP-AF | J30: fracassado
A31: 4 | B31: C4-01A-DTS | C31: FURGÃO LEVE | D31: 2 | E31: 0 | F31: =D31-E31 -> 2 | H31: =D31*G31 -> 0 | I31: BAPV | J31: fracassado
A32: 4 | B32: C4-01A-DTS | C32: FURGÃO LEVE | D32: 2 | E32: 0 | F32: =D32-E32 -> 2 | H32: =D32*G32 -> 0 | I32: GAP-RF | J32: fracassado
A33: 4 | B33: C4-01A-DTS | C33: FURGÃO LEVE | D33: 4 | E33: 0 | F33: =D33-E33 -> 4 | H33: =D33*G33 -> 0 | I33: GAP-SJ | J33: fracassado

Sheet 90186_2024
A1: PAG | B1: 67.106.001809/2024-27 | C1: STATUS em 24/10/24:
A2: ITEM | B2: VEÍCULO | C2: NOMENCLATURA | D2: QTD TR | E2: QTD EMPENHADO | F2: QNT DISPONÍVEL | G2: VALOR UNITÁRIO | H2: VALOR TOTAL | I2: OM RECEBEDORA | J2: MARCA/MODELO | K2: CNPJ | L2: EMPRESA | M2: CONTATO | N2: EMAIL | O2: ATA | P2: VIGÊNCIA | Q2: OBS | R2: Coluna1
A3: 1 | B3: C-5/02A/DTS | C3: CAMINHÃO BAÚ | D3: 1 | E3: 1 | F3: =D3-E3 -> 0 | G3: 574575 | H3: =G3*D3 -> 574575 | I3: CINDACTA 2 | J3: VOLVO / VM | K3: 03.093.776/0018-30 | L3: MANUPA COMERCIO EXPORTACAO IMPORTACAO DE EQUIPAMENTOS E VEICULOS ADAPTADOS LTDA | P3: 45975 | Q3: HOMOLOGADO
A4: 1 | B4: C-5/02A/DTS | C4: CAMINHÃO BAÚ | D4: 1 | E4: 1 | F4: =D4-E4 -> 0 | G4: 574575 | H4: =G4*D4 -> 574575 | I4: CINDACTA 4 | J4: VOLVO / VM | K4: 03.093.776/0018-30 | L4: MANUPA COMERCIO EXPORTACAO IMPORTACAO DE EQUIPAMENTOS E VEICULOS ADAPTADOS LTDA | P4: 45975 | Q4: HOMOLOGADO
A5: 1 | B5: C-5/02A/DTS | C5: CAMINHÃO BAÚ | D5: 1 | E5: 0 | F5: =D5-E5 -> 1 | G5: 574575 | H5: =G5*D5 -> 574575 | I5: CRCEA-SE | J5: VOLVO / VM | K5: 03.093.776/0018-30 | L5: MANUPA COMERCIO EXPORTACAO IMPORTACAO DE EQUIPAMENTOS E VEICULOS ADAPTADOS LTDA | P5: 45975 | Q5: HOMOLOGADO
A6: 1 | B6: C-5/02A/DTS | C6: CAMINHÃO BAÚ | D6: 1 | E6: 1 | F6: =D6-E6 -> 0 | G6: 574575 | H6: =G6*D6 -> 574575 | I6: DECEA | J6: VOLVO / VM | K6: 03.093.776/0018-30 | L6: MANUPA COMERCIO EXPORTACAO IMPORTACAO DE EQUIPAMENTOS E VEICULOS ADAPTADOS LTDA | P6: 45975 | Q6: HOMOLOGADO
A7: 1 | B7: C-5/02A/DTS | C7: CAMINHÃO BAÚ | D7: 1 | E7: 1 | F7: =D7-E7 -> 0 | G7: 574575 | H7: =G7*D7 -> 574575 | I7: GABAER | J7: VOLVO / VM | K7: 03.093.776/0018-30 | L7: MANUPA COMERCIO EXPORTACAO IMPORTACAO DE EQUIPAMENTOS E VEICULOS ADAPTADOS LTDA | P7: 45975 | Q7: HOMOLOGADO
A8: 2 | B8: C-8-01A-DTS | C8: CAMINHÃO BAÚ TRUCADO | D8: 4 | E8: 4 | F8: =D8-E8 -> 0 | G8: 659633.19 | H8: =G8*D8 -> 2638532.8 | I8: GAP-AF | J8: VOLVO | K8: 03.093.776/0018-30 | L8: MANUPA | P8: 45975 | Q8: HOMOLOGADO
A9: 3 | B9: E-16-01A-DTS | C9: CAMINHÃO EQUIPADO COM ELEVADOR HIDRÁULICO E CESTO AÉREO | D9: 1 | E9: 0 | F9: =D9-E9 -> 1 | G9: 558500 | H9: =G9*D9 -> 558500 | I9: GAP-DF | J9: MERCEDES-BENS | K9: 08.206.867/0001-00 | L9: ECS COMERCIO DE VEICULOS | Q9: HOMOLOGADO
A10: 3 | B10: E-16-01A-DTS | C10: CAMINHÃO EQUIPADO COM ELEVADOR HIDRÁULICO E CESTO AÉREO | D10: 1 | E10: 1 | F10: =D10-E10 -> 0 | G10: 558500 | H10: =G10*D10 -> 558500 | I10: GAP-GL | J10: MERCEDES-BENS | K10: 03.093.776/0018-30 | L10: ECS COMERCIO DE VEICULOS | M10: (62) 9 9145-5883 | N10: temporarioforza@gmail.com | Q10: HOMOLOGADO
A11: 4 | B11: E-15-01A-DTS | C11: CAMINHÃO EQUIPADO COM GUINDASTE HIDRÁULICO | D11: 1 | E11: 0 | F11: =D11-E11 -> 1 | G11: 979500 | H11: =G11*D11 -> 979500 | I11: CINDACTA 1 | J11: VOLVO | K11: 46.135.499/0001-45 | L11: FORZA DISTRIBUIDORA LTDA | M11: (62) 9 9145-5883 | N11: temporarioforza@gmail.com | Q11: HOMOLOGADO VENCEDOR NOVO HORIZONTE ITEM REABERTO
A12: 4 | B12: E-15-01A-DTS | C12: CAMINHÃO EQUIPADO COM GUINDASTE HIDRÁULICO | D12: 1 | E12: 0 | F12: =D12-E12 -> 1 | G12: 979500 | H12: =G12*D12 -> 979500 | I12: CINDACTA 2 | J12: VOLVO | K12: 46.135.499/0001-45 | L12: FORZA DISTRIBUIDORA LTDA | M12: (62) 9 9145-5883 | N12: temporarioforza@gmail.com | Q12: HOMOLOGADO VENCEDOR NOVO HORIZONTE ITEM REABERTO
A13: 4 | B13: E-15-01A-DTS | C13: CAMINHÃO EQUIPADO COM GUINDASTE HIDRÁULICO | D13: 1 | E13: 0 | F13: =D13-E13 -> 1 | G13: 979500 | H13: =G13*D13 -> 979500 | I13: CINDACTA 3 | J13: VOLVO | K13: 46.135.499/0001-45 | L13: FORZA DISTRIBUIDORA LTDA | M13: (62) 9 9145-5883 | N13: temporarioforza@gmail.com | Q13: HOMOLOGADO VENCEDOR NOVO HORIZONTE ITEM REABERTO
A14: 4 | B14: E-15-01A-DTS | C14: CAMINHÃO EQUIPADO COM GUINDASTE HIDRÁULICO | D14: 1 | E14: 0 | F14: =D14-E14 -> 1 | G14: 979500 | H14: =G14*D14 -> 979500 | I14: GAP-BE | J14: VOLVO | K14: 46.135.499/0001-45 | L14: FORZA DISTRIBUIDORA LTDA | M14: (62) 9 9145-5883 | N14: temporarioforza@gmail.com | Q14: HOMOLOGADO VENCEDOR NOVO HORIZONTE ITEM REABERTO
A15: 5 | B15: C-1-01A-DTS | C15: CAMINHÃO LEVE | D15: 1 | E15: 1 | F15: =D15-E15 -> 0 | G15: 364128.52 | H15: =G15*D15 -> 364128.52 | I15: CINDACTA 1 | J15: Foton Aumark 916 | K15: 03.093.776/0018-30 | L15: MANUPA COMERCIO EXPORTACAO IMPORTACAO DE EQUIPAMENTOS E VEICULOS ADAPTADOS LTDA | Q15: HOMOLOGADO
A16: 5 | B16: C-1-01A-DTS | C16: CAMINHÃO LEVE | D16: 1 | E16: 1 | F16: =D16-E16 -> 0 | G16: 364128.52 | H16: =G16*D16 -> 364128.52 | I16: CINDACTA3 | J16: Foton Aumark 916 | K16: 03.093.776/0018-30 | L16: MANUPA COMERCIO EXPORTACAO IMPORTACAO DE EQUIPAMENTOS E VEICULOS ADAPTADOS LTDA | Q16: HOMOLOGADO
A17: 5 | B17: C-1-01A-DTS | C17: CAMINHÃO LEVE | D17: 3 | E17: 3 | F17: =D17-E17 -> 0 | G17: 364128.52 | H17: =G17*D17 -> 1092385.6 | I17: COMARA | J17: Foton Aumark 916 | K17: 03.093.776/0018-30 | L17: MANUPA COMERCIO EXPORTACAO IMPORTACAO DE EQUIPAMENTOS E VEICULOS ADAPTADOS LTDA | Q17: HOMOLOGADO
A18: 5 | B18: C-1-01A-DTS | C18: CAMINHÃO LEVE | D18: 1 | E18: 0 | F18: =D18-E18 -> 1 | G18: 364128.52 | H18: =G18*D18 -> 364128.52 | I18: GAP-GL | J18: Foton Aumark 916 | K18: 03.093.776/0018-30 | L18: MANUPA COMERCIO EXPORTACAO IMPORTACAO DE EQUIPAMENTOS E VEICULOS ADAPTADOS LTDA | P18: 46003 | Q18: HOMOLOGADO
A19: 6 | B19: C-2-01A-DTS | C19: CAMINHÃO MÉDIO/PESADO | D19: 1 | E19: 0 | F19: =D19-E19 -> 1 | G19: 517000 | H19: =G19*D19 -> 517000 | I19: BANT | J19: Volkswagen Truck & bus / 14210 com carroceria metalica | K19: 11.726.521/0001-47 | L19: TRANSRIO CAMINHOES, ONIBUS, MAQUINAS E MOTORES LTDA | P19: 45975 | Q19: HOMOLOGADO
A20: 6 | B20: C-2-01A-DTS | C20: CAMINHÃO MÉDIO/PESADO | D20: 1 | E20: 1 | F20: =D20-E20 -> 0 | G20: 517000 | H20: =G20*D20 -> 517000 | I20: CRCEA-SE | J20: Volkswagen Truck & bus / 14210 com carroceria metalica | K20: 11.726.521/0001-47 | L20: TRANSRIO CAMINHOES, ONIBUS, MAQUINAS E MOTORES LTDA | P20: 45975 | Q20: HOMOLOGADO
A21: 7 | B21: P-7-01A-DTS | C21: CAMINHÃO MILITAR | D21: 1 | E21: 0 | F21: =D21-E21 -> 1 | G21: 880000 | H21: =G21*D21 -> 880000 | I21: GAP-AF | J21: VOLKSWAGEN 11180 4X4 | K21: 03.093.776/0018-30 | L21: TRANSRIO CAMINHOES, ONIBUS, MAQUINAS E MOTORES LTDA | P21: 46007 | Q21: Julgado e habilitado (aberto para recursos)
A22: 7 | B22: P-7-01A-DTS | C22: CAMINHÃO MILITAR | D22: 1 | E22: 0 | F22: =D22-E22 -> 1 | G22: 880000 | H22: =G22*D22 -> 880000 | I22: GAP-BE | J22: VOLKSWAGEN 11180 4X4 | K22: 03.093.776/0018-30 | L22: TRANSRIO CAMINHOES, ONIBUS, MAQUINAS E MOTORES LTDA | P22: 46007 | Q22: Julgado e habilitado (aberto para recursos)
A23: 7 | B23: P-7-01A-DTS | C23: CAMINHÃO MILITAR | D23: 1 | E23: 0 | F23: =D23-E23 -> 1 | G23: 880000 | H23: =G23*D23 -> 880000 | I23: GAP-CO | J23: VOLKSWAGEN 11180 4X4 | K23: 03.093.776/0018-30 | L23: TRANSRIO CAMINHOES, ONIBUS, MAQUINAS E MOTORES LTDA | P23: 46007 | Q23: Julgado e habilitado (aberto para recursos)
A24: 7 | B24: P-7-01A-DTS | C24: CAMINHÃO MILITAR | D24: 1 | E24: 0 | F24: =D24-E24 -> 1 | G24: 880000 | H24: =G24*D24 -> 880000 | I24: GAP-DF | J24: VOLKSWAGEN 11180 4X4 | K24: 03.093.776/0018-30 | L24: TRANSRIO CAMINHOES, ONIBUS, MAQUINAS E MOTORES LTDA | P24: 46007 | Q24: Julgado e habilitado (aberto para recursos)
A25: 7 | B25: P-7-01A-DTS | C25: CAMINHÃO MILITAR | D25: 1 | E25: 0 | F25: =D25-E25 -> 1 | G25: 880000 | H25: =G25*D25 -> 880000 | I25: GAP-GL | J25: VOLKSWAGEN 11180 4X4 | K25: 03.093.776/0018-30 | L25: TRANSRIO CAMINHOES, ONIBUS, MAQUINAS E MOTORES LTDA | P25: 46007 | Q25: Julgado e habilitado (aberto para recursos)
A26: 7 | B26: P-7-01A-DTS | C26: CAMINHÃO MILITAR | D26: 1 | E26: 0 | F26: =D26-E26 -> 1 | G26: 880000 | H26: =G26*D26 -> 880000 | I26: GAP-MN | J26: VOLKSWAGEN 11180 4X4 | K26: 03.093.776/0018-30 | L26: TRANSRIO CAMINHOES, ONIBUS, MAQUINAS E MOTORES LTDA | P26: 46007 | Q26: Julgado e habilitado (aberto para recursos)
A27: 7 | B27: P-7-01A-DTS | C27: CAMINHÃO MILITAR | D27: 1 | E27: 0 | F27: =D27-E27 -> 1 | G27: 880000 | H27: =G27*D27 -> 880000 | I27: GAP-RF | J27: VOLKSWAGEN 11180 4X4 | K27: 03.093.776/0018-30 | L27: TRANSRIO CAMINHOES, ONIBUS, MAQUINAS E MOTORES LTDA | P27: 46007 | Q27: Julgado e habilitado (aberto para recursos)
A28: 7 | B28: P-7-01A-DTS | C28: CAMINHÃO MILITAR | D28: 1 | E28: 0 | F28: =D28-E28 -> 1 | G28: 880000 | H28: =G28*D28 -> 880000 | I28: BANT | J28: VOLKSWAGEN 11180 4X4 | K28: 03.093.776/0018-30 | L28: TRANSRIO CAMINHOES, ONIBUS, MAQUINAS E MOTORES LTDA | P28: 46007 | Q28: Julgado e habilitado (aberto para recursos)
A29: 7 | B29: P-7-01A-DTS | C29: CAMINHÃO MILITAR | D29: 1 | E29: 0 | F29: =D29-E29 -> 1 | G29: 880000 | H29: =G29*D29 -> 880000 | I29: GAP-RJ | J29: VOLKSWAGEN 11180 4X4 | K29: 03.093.776/0018-30 | L29: TRANSRIO CAMINHOES, ONIBUS, MAQUINAS E MOTORES LTDA | P29: 46007 | Q29: Julgado e habilitado (aberto para recursos)
A30: 7 | B30: P-7-01A-DTS | C30: CAMINHÃO MILITAR | D30: 1 | E30: 0 | F30: =D30-E30 -> 1 | G30: 880000 | H30: =G30*D30 -> 880000 | I30: GAP-SJ | J30: VOLKSWAGEN 11180 4X4 | K30: 03.093.776/0018-30 | L30: TRANSRIO CAMINHOES, ONIBUS, MAQUINAS E MOTORES LTDA | P30: 46007 | Q30: Julgado e habilitado (aberto para recursos)
A31: 7 | B31: P-7-01A-DTS | C31: CAMINHÃO MILITAR | D31: 1 | E31: 0 | F31: =D31-E31 -> 1 | G31: 880000 | H31: =G31*D31 -> 880000 | I31: GAP-SP | J31: VOLKSWAGEN 11180 4X4 | K31: 03.093.776/0018-30 | L31: TRANSRIO CAMINHOES, ONIBUS, MAQUINAS E MOTORES LTDA | Q31: Julgado e habilitado (aberto para recursos)
A32: 8 | B32: C-7-01A-DTS | C32: CAMINHÃO TRUCADO | D32: 1 | E32: 0 | F32: =D32-E32 -> 1 | G32: 594480 | H32: =G32*D32 -> 594480 | I32: PAME-RJ | J32: MERCEDES-BENS/ ATEGO 2429 | K32: 08.206.867/0001-00 | L32: ECS COMERCIO DE VEICULOS E EQUIPAMENTOS LTDA | P32: 45975 | Q32: HOMOLOGADO
A33: 9 | B33: P-19-01A-DTS | C33: CAMINHONETE MILITAR | D33: 1 | E33: 0 | F33: =D33-E33 -> 1 | G33: 617000 | H33: =G33*D33 -> 617000 | I33: AFA | J33: AGRALE MARRUÁ AM23 G2 - MILITAR | K33: 88.610.324/0001-92 | L33: AGRALE | Q33: Aguardando julgamento
A34: 9 | B34: P-19-01A-DTS | C34: CAMINHONETE MILITAR | D34: 2 | E34: 0 | F34: =D34-E34 -> 2 | G34: 617000 | H34: =G34*D34 -> 1234000 | I34: BAAN | J34: AGRALE MARRUÁ AM23 G2 - MILITAR | K34: 88.610.324/0001-92 | L34: AGRALE | Q34: Aguardando julgamento
A35: 9 | B35: P-19-01A-DTS | C35: CAMINHONETE MILITAR | D35: 2 | E35: 0 | F35: =D35-E35 -> 2 | G35: 617000 | H35: =G35*D35 -> 1234000 | I35: BACG | J35: AGRALE MARRUÁ AM23 G2 - MILITAR | K35: 88.610.324/0001-92 | L35: AGRALE | Q35: Aguardando julgamento
A36: 9 | B36: P-19-01A-DTS | C36: CAMINHONETE MILITAR | D36: 1 | E36: 0 | F36: =D36-E36 -> 1 | G36: 617000 | H36: =G36*D36 -> 617000 | I36: CPBV | J36: AGRALE MARRUÁ AM23 G2 - MILITAR | K36: 88.610.324/0001-92 | L36: AGRALE | Q36: Aguardando julgamento
A37: 9 | B37: P-19-01A-DTS | C37: CAMINHONETE MILITAR | D37: 2 | E37: 0 | F37: =D37-E37 -> 2 | G37: 617000 | H37: =G37*D37 -> 1234000 | I37: GAP-CO | J37: AGRALE MARRUÁ AM23 G2 - MILITAR | K37: 88.610.324/0001-92 | L37: AGRALE | Q37: Aguardando julgamento
A38: 9 | B38: P-19-01A-DTS | C38: CAMINHONETE MILITAR | D38: 2 | E38: 0 | F38: =D38-E38 -> 2 | G38: 617000 | H38: =G38*D38 -> 1234000 | I38: GAP-MN | J38: AGRALE MARRUÁ AM23 G2 - MILITAR | K38: 88.610.324/0001-92 | L38: AGRALE | Q38: Aguardando julgamento
A39: 10 | B39: P-12-02A-DTS | C39: CARRO DE OPERAÇÕES | D39: 1 | E39: 1 | F39: ='90186_2024'!$D39-'90186_2024'!$E39 -> 0 | G39: 244000 | H39: =G39*D39 -> 244000 | I39: BABV | J39: MITSUBISHI / L200 TRITON GL | K39: 54.305.743/0011-70 | L39: HPE AUTOMOTORES DO BRASIL LTDA | P39: 45975 | Q39: HOMOLOGADO
A40: 10 | B40: P-12-02A-DTS | C40: CARRO DE OPERAÇÕES | D40: 1 | E40: 1 | F40: ='90186_2024'!$D40-'90186_2024'!$E40 -> 0 | G40: 244000 | H40: =G40*D40 -> 244000 | I40: CINDACTA 4 | J40: MITSUBISHI / L200 TRITON GL | K40: 54.305.743/0011-70 | L40: HPE AUTOMOTORES DO BRASIL LTDA | P40: 45975 | Q40: HOMOLOGADO
A41: 11 | B41: E-8-01A-DTS | C41: CARRO GUINCHO SOCORRO LEVE | D41: 1 | E41: 0 | F41: ='90186_2024'!$D41-'90186_2024'!$E41 -> 1 | G41: 564480 | H41: =G41*D41 -> 564480 | I41: CINDACTA 2 | J41: MERCEDES-BENS / ATEGO 1419 | K41: 08.206.867/0001-00 | L41: ECS COMERCIO DE VEICULOS E EQUIPAMENTOS LTDA | P41: 45975 | Q41: HOMOLOGADO
A42: 12 | B42: E-7-01A-DTS | C42: CARRO GUINCHO-SOCORRO PESADO | D42: 1 | E42: 0 | F42: ='90186_2024'!$D42-'90186_2024'!$E42 -> 1 | G42: 734998 | H42: =G42*D42 -> 734998 | I42: CINDACTA 3 | J42: IVECO / TECTOR 17-210 | K42: 51.552.005/0001-68 | L42: POTTENCIAL VEICULOS ESPECIAIS LTDA | P42: 45975 | Q42: HOMOLOGADO
A43: 13 | B43: E-9-01A-DTS | C43: CAVALO MECÂNICO | D43: 2 | E43: 0 | F43: ='90186_2024'!$D43-'90186_2024'!$E43 -> 2 | G43: 760000 | H43: =G43*D43 -> 1520000 | I43: DECEA | J43: Volkswagen truck & bus | K43: 03.093.776/0018-30 | L43: TRANSRIO CAMINHOES | Q43: HOMOLOGADO
A44: 14 | B44: E-10-02A-DTS | C44: EMPILHADEIRA | D44: 1 | E44: 1 | F44: ='90186_2024'!$D44-'90186_2024'!$E44 -> 0 | G44: 120800 | H44: =G44*D44 -> 120800 | I44: CINDACTA 2 | J44: HEDESA CPCD25 | K44: 48.161.058/0001-43 | L44: BAUMASTER IMPORTACAO E COMERCIO DE MAQUINAS LTDA | Q44: HOMOLOGADO
A45: 14 | B45: E-10-02A-DTS | C45: EMPILHADEIRA | D45: 1 | E45: 0 | F45: ='90186_2024'!$D45-'90186_2024'!$E45 -> 1 | G45: 120800 | H45: =G45*D45 -> 120800 | I45: CINDACTA 3 | J45: HEDESA CPCD25 | K45: 48.161.058/0001-43 | L45: BAUMASTER IMPORTACAO E COMERCIO DE MAQUINAS LTDA | Q45: HOMOLOGADO
A46: 14 | B46: E-10-02A-DTS | C46: EMPILHADEIRA | D46: 1 | E46: 0 | F46: ='90186_2024'!$D46-'90186_2024'!$E46 -> 1 | G46: 120800 | H46: =G46*D46 -> 120800 | I46: CINDACTA 4 | J46: HEDESA CPCD25 | K46: 48.161.058/0001-43 | L46: BAUMASTER IMPORTACAO E COMERCIO DE MAQUINAS LTDA | Q46: HOMOLOGADO
A47: 15 | B47: E-26-01A-DTS | C47: FURGÃO FRIGORÍFICO | D47: 1 | E47: 1 | F47: ='90186_2024'!$D47-'90186_2024'!$E47 -> 0 | G47: 350800 | H47: =G47*D47 -> 350800 | I47: GAP-BE | J47: RENAULT/ MASTER GRAND FURGÃO 2.3 16V L2H2 | K47: 00.913.443/0001-73 | L47: RENAULT DO BRASIL S.A | P47: 45975 | Q47: HOMOLOGADO
A48: 15 | B48: E-26-01A-DTS | C48: FURGÃO FRIGORÍFICO | D48: 1 | E48: 1 | F48: ='90186_2024'!$D48-'90186_2024'!$E48 -> 0 | G48: 350800 | H48: =G48*D48 -> 350800 | I48: GAP-LS | J48: RENAULT/ MASTER GRAND FURGÃO 2.3 16V L2H2 | K48: 00.913.443/0001-73 | L48: RENAULT DO BRASIL S.A | P48: 45975 | Q48: HOMOLOGADO
A49: 16 | B49: E-27-01A-DTS | C49: FURGÃO ISOTÉRMICO | D49: 1 | E49: 1 | F49: ='90186_2024'!$D49-'90186_2024'!$E49 -> 0 | G49: 186100 | H49: =G49*D49 -> 186100 | I49: GABAER | J49: FIAT / FIORINO | K49: 29.127.216/0001-02 | L49: AF EMPREENDIMENTOS LTDA | M49: 062 3952-1122 | N49: licitacao@afempreendimentos.com | P49: 45975 | Q49: solicitação do GABAER em 02/12/2024 Maj Poliana
A50: 16 | B50: E-27-01A-DTS | C50: FURGÃO ISOTÉRMICO | D50: 1 | E50: 1 | F50: ='90186_2024'!$D50-'90186_2024'!$E50 -> 0 | G50: 186100 | H50: =G50*D50 -> 186100 | I50: BAAN | J50: FIAT / FIORINO | K50: 29.127.216/0001-02 | L50: AF EMPREENDIMENTOS LTDA | M50: 062 3952-1122 | N50: licitacao@afempreendimentos.com | P50: 45975 | Q50: HOMOLOGADO
A51: 16 | B51: E-27-01A-DTS | C51: FURGÃO ISOTÉRMICO | D51: 1 | E51: 1 | F51: ='90186_2024'!$D51-'90186_2024'!$E51 -> 0 | G51: 186100 | H51: =G51*D51 -> 186100 | I51: BACG | J51: FIAT / FIORINO | K51: 29.127.216/0001-02 | L51: AF EMPREENDIMENTOS LTDA | M51: 062 3952-1122 | N51: licitacao@afempreendimentos.com | P51: 45975 | Q51: HOMOLOGADO
A52: 16 | B52: E-27-01A-DTS | C52: FURGÃO ISOTÉRMICO | D52: 1 | E52: 1 | F52: ='90186_2024'!$D52-'90186_2024'!$E52 -> 0 | G52: 186100 | H52: =G52*D52 -> 186100 | I52: BASC | J52: FIAT / FIORINO | K52: 29.127.216/0001-02 | L52: AF EMPREENDIMENTOS LTDA | M52: 062 3952-1122 | N52: licitacao@afempreendimentos.com | P52: 45975 | Q52: HOMOLOGADO
A53: 16 | B53: E-27-01A-DTS | C53: FURGÃO ISOTÉRMICO | D53: 1 | E53: 1 | F53: ='90186_2024'!$D53-'90186_2024'!$E53 -> 0 | G53: 186100 | H53: =G53*D53 -> 186100 | I53: BASM | J53: FIAT / FIORINO | K53: 29.127.216/0001-02 | L53: AF EMPREENDIMENTOS LTDA | M53: 062 3952-1122 | N53: licitacao@afempreendimentos.com | P53: 45975 | Q53: HOMOLOGADO
A54: 16 | B54: E-27-01A-DTS | C54: FURGÃO ISOTÉRMICO | D54: 1 | E54: 1 | F54: ='90186_2024'!$D54-'90186_2024'!$E54 -> 0 | G54: 186100 | H54: =G54*D54 -> 186100 | I54: CINDACTA 2 | J54: FIAT / FIORINO | K54: 29.127.216/0001-02 | L54: AF EMPREENDIMENTOS LTDA | M54: 062 3952-1122 | N54: licitacao@afempreendimentos.com | P54: 45975 | Q54: HOMOLOGADO
A55: 16 | B55: E-27-01A-DTS | C55: FURGÃO ISOTÉRMICO | D55: 2 | E55: 2 | F55: ='90186_2024'!$D55-'90186_2024'!$E55 -> 0 | G55: 186100 | H55: =G55*D55 -> 372200 | I55: EEAR | J55: FIAT / FIORINO | K55: 29.127.216/0001-02 | L55: AF EMPREENDIMENTOS LTDA | M55: 062 3952-1122 | N55: licitacao@afempreendimentos.com | P55: 45975 | Q55: HOMOLOGADO
A56: 16 | B56: E-27-01A-DTS | C56: FURGÃO ISOTÉRMICO | D56: 1 | E56: 1 | F56: ='90186_2024'!$D56-'90186_2024'!$E56 -> 0 | G56: 186100 | H56: =G56*D56 -> 186100 | I56: GAP-AF | J56: FIAT / FIORINO | K56: 29.127.216/0001-02 | L56: AF EMPREENDIMENTOS LTDA | M56: 062 3952-1122 | N56: licitacao@afempreendimentos.com | P56: 45975 | Q56: HOMOLOGADO
A57: 16 | B57: E-27-01A-DTS | C57: FURGÃO ISOTÉRMICO | D57: 1 | E57: 1 | F57: ='90186_2024'!$D57-'90186_2024'!$E57 -> 0 | G57: 186100 | H57: =G57*D57 -> 186100 | I57: GAP-BR | J57: FIAT / FIORINO | K57: 29.127.216/0001-02 | L57: AF EMPREENDIMENTOS LTDA | M57: 062 3952-1122 | N57: licitacao@afempreendimentos.com | P57: 45975 | Q57: HOMOLOGADO
A58: 16 | B58: E-27-01A-DTS | C58: FURGÃO ISOTÉRMICO | D58: 1 | E58: 1 | F58: ='90186_2024'!$D58-'90186_2024'!$E58 -> 0 | G58: 186100 | H58: =G58*D58 -> 186100 | I58: GAP-CO | J58: FIAT / FIORINO | K58: 29.127.216/0001-02 | L58: AF EMPREENDIMENTOS LTDA | M58: 062 3952-1122 | N58: licitacao@afempreendimentos.com | P58: 45975 | Q58: HOMOLOGADO
A59: 16 | B59: E-27-01A-DTS | C59: FURGÃO ISOTÉRMICO | D59: 1 | E59: 1 | F59: ='90186_2024'!$D59-'90186_2024'!$E59 -> 0 | G59: 186100 | H59: =G59*D59 -> 186100 | I59: GAP-DF | J59: FIAT / FIORINO | K59: 29.127.216/0001-02 | L59: AF EMPREENDIMENTOS LTDA | M59: 062 3952-1122 | N59: licitacao@afempreendimentos.com | P59: 45975 | Q59: HOMOLOGADO
A60: 16 | B60: E-27-01A-DTS | C60: FURGÃO ISOTÉRMICO | D60: 1 | E60: 1 | F60: ='90186_2024'!$D60-'90186_2024'!$E60 -> 0 | G60: 186100 | H60: =G60*D60 -> 186100 | I60: GAP-LS | J60: FIAT / FIORINO | K60: 29.127.216/0001-02 | L60: AF EMPREENDIMENTOS LTDA | M60: 062 3952-1122 | N60: licitacao@afempreendimentos.com | P60: 45975 | Q60: HOMOLOGADO
A61: 16 | B61: E-27-01A-DTS | C61: FURGÃO ISOTÉRMICO | D61: 1 | E61: 1 | F61: ='90186_2024'!$D61-'90186_2024'!$E61 -> 0 | G61: 186100 | H61: =G61*D61 -> 186100 | I61: GAP-SJ | J61: FIAT / FIORINO | K61: 29.127.216/0001-02 | L61: AF EMPREENDIMENTOS LTDA | M61: 062 3952-1122 | N61: licitacao@afempreendimentos.com | P61: 45975 | Q61: HOMOLOGADO
A62: 17 | B62: C-4-01A-DTS | C62: FURGÃO LEVE | D62: 1 | E62: 1 | F62: ='90186_2024'!$D62-'90186_2024'!$E62 -> 0 | G62: 128690 | H62: =G62*D62 -> 128690 | I62: CINDACTA 2 | J62: FIAT / FIORINO | K62: 50.325.167/0001-09 | L62: X CAR VEICULOS LTDA FRACASSADO | Q62: HOMOLOGADO
A63: 17 | B63: C-4-01A-DTS | C63: FURGÃO LEVE | D63: 2 | E63: 2 | F63: ='90186_2024'!$D63-'90186_2024'!$E63 -> 0 | G63: 128690 | H63: =G63*D63 -> 257380 | I63: CINDACTA 3 | J63: FIAT / FIORINO | K63: 50.325.167/0001-09 | L63: X CAR VEICULOS LTDA FRACASSADO | Q63: HOMOLOGADO
A64: 17 | B64: C-4-01A-DTS | C64: FURGÃO LEVE | D64: 1 | E64: 1 | F64: ='90186_2024'!$D64-'90186_2024'!$E64 -> 0 | G64: 128690 | H64: =G64*D64 -> 128690 | I64: DECEA | J64: FIAT / FIORINO | K64: 50.325.167/0001-09 | L64: X CAR VEICULOS LTDA FRACASSADO | Q64: HOMOLOGADO
A65: 18 | B65: E-25-01A-DTS | C65: FURGÃO LEVE PARA TRANSPORTE DE CÃES | D65: 1 | E65: X | F65: 0 | G65: 450000 | H65: =G65*D65 -> 450000 | I65: BANT | J65: FORD/ TRANSIT FURGÃO L3H3 MT | K65: 03.470.727/0041-18 | L65: FORD MOTOR COMPANY BRASIL LTDA FRACASSADO | Q65: FRACASSADO
A66: 18 | B66: E-25-01A-DTS | C66: FURGÃO LEVE PARA TRANSPORTE DE CÃES | D66: 1 | E66: X | F66: 0 | G66: 450000 | H66: =G66*D66 -> 450000 | I66: GAP-AF | J66: FORD/ TRANSIT FURGÃO L3H3 MT | K66: 03.470.727/0041-18 | L66: FORD MOTOR COMPANY BRASIL LTDA FRACASSADO | Q66: FRACASSADO
A67: 18 | B67: E-25-01A-DTS | C67: FURGÃO LEVE PARA TRANSPORTE DE CÃES | D67: 1 | E67: X | F67: 0 | G67: 450000 | H67: =G67*D67 -> 450000 | I67: GAP-BE | J67: FORD/ TRANSIT FURGÃO L3H3 MT | K67: 03.470.727/0041-18 | L67: FORD MOTOR COMPANY BRASIL LTDA FRACASSADO | Q67: FRACASSADO
A68: 18 | B68: E-25-01A-DTS | C68: FURGÃO LEVE PARA TRANSPORTE DE CÃES | D68: 1 | E68: X | F68: 0 | G68: 450000 | H68: =G68*D68 -> 450000 | I68: GAP-DF | J68: FORD/ TRANSIT FURGÃO L3H3 MT | K68: 03.470.727/0041-18 | L68: FORD MOTOR COMPANY BRASIL LTDA FRACASSADO | Q68: FRACASSADO
A69: 18 | B69: E-25-01A-DTS | C69: FURGÃO LEVE PARA TRANSPORTE DE CÃES | D69: 1 | E69: X | F69: 0 | G69: 450000 | H69: =G69*D69 -> 450000 | I69: GAP-SJ | J69: FORD/ TRANSIT FURGÃO L3H3 MT | K69: 03.470.727/0041-18 | L69: FORD MOTOR COMPANY BRASIL LTDA FRACASSADO | Q69: FRACASSADO
A70: 18 | B70: E-25-01A-DTS | C70: FURGÃO LEVE PARA TRANSPORTE DE CÃES | D70: 2 | E70: X | F70: 0 | G70: 450000 | H70: =G70*D70 -> 900000 | I70: GAP-SP | J70: FORD/ TRANSIT FURGÃO L3H3 MT | K70: 03.470.727/0041-18 | L70: FORD MOTOR COMPANY BRASIL LTDA FRACASSADO | Q70: FRACASSADO
A71: 18 | B71: E-25-01A-DTS | C71: FURGÃO LEVE PARA TRANSPORTE DE CÃES | D71: 1 | E71: X | F71: 0 | G71: 450000 | H71: =G71*D71 -> 450000 | I71: CINDACTA 2 | J71: FORD/ TRANSIT FURGÃO L3H3 MT | K71: 03.470.727/0041-18 | L71: FORD MOTOR COMPANY BRASIL LTDA FRACASSADO | Q71: FRACASSADO
A72: 18 | B72: E-25-01A-DTS | C72: FURGÃO LEVE PARA TRANSPORTE DE CÃES | D72: 2 | E72: X | F72: 0 | G72: 450000 | H72: =G72*D72 -> 900000 | I72: DECEA | J72: FORD/ TRANSIT FURGÃO L3H3 MT | K72: 03.470.727/0041-18 | L72: FORD MOTOR COMPANY BRASIL LTDA FRACASSADO | Q72: FRACASSADO
A73: 19 | B73: E-14-01A-DTS | C73: MICROTRATOR COM APARADOR DE GRAMA | D73: 3 | E73: 3 | F73: ='90186_2024'!$D73-'90186_2024'!$E73 -> 0 | G73: 20720 | H73: =G73*D73 -> 62160 | I73: BACG | J73: TOYAMA | K73: 76.074.376/0001-02 | L73: AGROVET SUL SERVICOS E COMERCIO DE EQUIPAMENTOS LTDA | Q73: Julgado e habilitado (aberto para recursos)
A74: 19 | B74: E-14-01A-DTS | C74: MICRO TRATOR C/ APARADOR DE GRAMA | D74: 2 | E74: 0 | F74: ='90186_2024'!$D74-'90186_2024'!$E74 -> 2 | G74: 20720 | H74: =G74*D74 -> 41440 | I74: GAP-RJ | J74: TOYAMA | K74: 76.074.376/0001-02 | L74: AGROVET SUL SERVICOS E COMERCIO DE EQUIPAMENTOS LTDA | Q74: Julgado e habilitado (aberto para recursos)
A75: 19 | B75: E-14-01A-DTS | C75: MICROTRATOR COM APARADOR DE GRAMA | D75: 1 | E75: 0 | F75: ='90186_2024'!$D75-'90186_2024'!$E75 -> 1 | G75: 20720 | H75: =G75*D75 -> 20720 | I75: BAFL | J75: TOYAMA | K75: 76.074.376/0001-02 | L75: AGROVET SUL SERVICOS E COMERCIO DE EQUIPAMENTOS LTDA | Q75: Julgado e habilitado (aberto para recursos)
A76: 19 | B76: E-14-01A-DTS | C76: MICROTRATOR COM APARADOR DE GRAMA | D76: 2 | E76: 0 | F76: ='90186_2024'!$D76-'90186_2024'!$E76 -> 2 | G76: 20720 | H76: =G76*D76 -> 41440 | I76: BAFZ | J76: TOYAMA | K76: 76.074.376/0001-02 | L76: AGROVET SUL SERVICOS E COMERCIO DE EQUIPAMENTOS LTDA | Q76: Julgado e habilitado (aberto para recursos)
A77: 19 | B77: E-14-01A-DTS | C77: MICROTRATOR COM APARADOR DE GRAMA | D77: 2 | E77: 0 | F77: ='90186_2024'!$D77-'90186_2024'!$E77 -> 2 | G77: 20720 | H77: =G77*D77 -> 41440 | I77: BANT | J77: TOYAMA | K77: 76.074.376/0001-02 | L77: AGROVET SUL SERVICOS E COMERCIO DE EQUIPAMENTOS LTDA | Q77: Julgado e habilitado (aberto para recursos)
A78: 19 | B78: E-14-01A-DTS | C78: MICROTRATOR COM APARADOR DE GRAMA | D78: 2 | E78: 2 | F78: ='90186_2024'!$D78-'90186_2024'!$E78 -> 0 | G78: 20720 | H78: =G78*D78 -> 41440 | I78: BASC | J78: TOYAMA | K78: 76.074.376/0001-02 | L78: AGROVET SUL SERVICOS E COMERCIO DE EQUIPAMENTOS LTDA | Q78: Julgado e habilitado (aberto para recursos)
A79: 19 | B79: E-14-01A-DTS | C79: MICROTRATOR COM APARADOR DE GRAMA | D79: 2 | E79: 0 | F79: ='90186_2024'!$D79-'90186_2024'!$E79 -> 2 | G79: 20720 | H79: =G79*D79 -> 41440 | I79: BASM | J79: TOYAMA | K79: 76.074.376/0001-02 | L79: AGROVET SUL SERVICOS E COMERCIO DE EQUIPAMENTOS LTDA | Q79: Julgado e habilitado (aberto para recursos)
A80: 19 | B80: E-14-01A-DTS | C80: MICROTRATOR COM APARADOR DE GRAMA | D80: 13 | E80: 13 | F80: ='90186_2024'!$D80-'90186_2024'!$E80 -> 0 | G80: 20720 | H80: =G80*D80 -> 269360 | I80: CINDACTA 3 | J80: TOYAMA | K80: 76.074.376/0001-02 | L80: AGROVET SUL SERVICOS E COMERCIO DE EQUIPAMENTOS LTDA | Q80: Julgado e habilitado (aberto para recursos)
A81: 19 | B81: E-14-01A-DTS | C81: MICROTRATOR COM APARADOR DE GRAMA | D81: 2 | E81: 2 | F81: ='90186_2024'!$D81-'90186_2024'!$E81 -> 0 | G81: 20720 | H81: =G81*D81 -> 41440 | I81: CPBV | J81: TOYAMA | K81: 76.074.376/0001-02 | L81: AGROVET SUL SERVICOS E COMERCIO DE EQUIPAMENTOS LTDA | Q81: Julgado e habilitado (aberto para recursos)
A82: 19 | B82: E-14-01A-DTS | C82: MICROTRATOR COM APARADOR DE GRAMA | D82: 1 | E82: 0 | F82: ='90186_2024'!$D82-'90186_2024'!$E82 -> 1 | G82: 20720 | H82: =G82*D82 -> 20720 | I82: EEAR | J82: TOYAMA | K82: 76.074.376/0001-02 | L82: AGROVET SUL SERVICOS E COMERCIO DE EQUIPAMENTOS LTDA | Q82: Julgado e habilitado (aberto para recursos)
A83: 19 | B83: E-14-01A-DTS | C83: MICROTRATOR COM APARADOR DE GRAMA | D83: 5 | E83: 0 | F83: ='90186_2024'!$D83-'90186_2024'!$E83 -> 5 | G83: 20720 | H83: =G83*D83 -> 103600 | I83: GAP-AF | J83: TOYAMA | K83: 76.074.376/0001-02 | L83: AGROVET SUL SERVICOS E COMERCIO DE EQUIPAMENTOS LTDA | Q83: Julgado e habilitado (aberto para recursos)
A84: 19 | B84: E-14-01A-DTS | C84: MICROTRATOR COM APARADOR DE GRAMA | D84: 1 | E84: 0 | F84: ='90186_2024'!$D84-'90186_2024'!$E84 -> 1 | G84: 17979 | H84: =G84*D84 -> 17979 | I84: GAP-BE | J84: TOYAMA | K84: 76.074.376/0001-02 | L84: AGROVET SUL SERVICOS E COMERCIO DE EQUIPAMENTOS LTDA | Q84: Julgado e habilitado (aberto para recursos)
... A106: 22 | B106: P-6-01A-DTS | C106: ÔNIBUS | D106: 2 | E106: 0 | F106: ='90186_2024'!$D106-'90186_2024'!$E106 -> 2 | G106: 935000 | H106: =G106*D106 -> 1870000 | I106: ICEA | J106: VOLKSWAGEN / ÔNIBUS 17.230/CARR. MASCARELLO GRAN VIA | K106: 31.306.830/0001-75 | L106: ABOLICAO CAMINHOES E ONIBUS LTDA | Q106: HOMOLOGADO
A107: 23 | B107: P-18-01A-DTS | C107: ÔNIBUS MILITARIZADO | D107: 1 | E107: 0 | F107: ='90186_2024'!$D107-'90186_2024'!$E107 -> 1 | G107: 1664000 | H107: =G107*D107 -> 1664000 | I107: GAP-DF | J107: VW /CHASSI | K107: 51.552.005/0001-68 | L107: NOVO HORIZONTE COMERCIO E SERVICOS LTDA FRACASSADO | P107: 45975 | Q107: HOMOLOGADO
A108: 24 | B108: P-11-01A-DTS | C108: PICK UP CABINE DUPLA | D108: 2 | E108: 2 | F108: ='90186_2024'!$D108-'90186_2024'!$E108 -> 0 | G108: 208646 | H108: =G108*D108 -> 417292 | I108: BANT | J108: FIAT/ TITANO | K108: 16.701.716/0001-56 | L108: FCA FIAT CHRYSLER AUTOMOVEIS BRASIL LTDA | Q108: HOMOLOGADO
A109: 24 | B109: P-11-01A-DTS | C109: PICK UP CABINE DUPLA | D109: 2 | E109: 2 | F109: ='90186_2024'!$D109-'90186_2024'!$E109 -> 0 | G109: 208646 | H109: =G109*D109 -> 417292 | I109: CINDACTA 2 | J109: FIAT/ TITANO | K109: 16.701.716/0001-56 | L109: FCA FIAT CHRYSLER AUTOMOVEIS BRASIL LTDA | Q109: HOMOLOGADO
A110: 24 | B110: P-11-01A-DTS | C110: PICK UP CABINE DUPLA | D110: 10 | E110: 10 | F110: ='90186_2024'!$D110-'90186_2024'!$E110 -> 0 | G110: 208646 | H110: =G110*D110 -> 2086460 | I110: CINDACTA 3 | J110: FIAT/ TITANO | K110: 16.701.716/0001-56 | L110: FCA FIAT CHRYSLER AUTOMOVEIS BRASIL LTDA | Q110: HOMOLOGADO
A111: 24 | B111: P-11-01A-DTS | C111: PICK UP CABINE DUPLA | D111: 5 | E111: 5 | F111: ='90186_2024'!$D111-'90186_2024'!$E111 -> 0 | G111: 208646 | H111: =G111*D111 -> 1043230 | I111: CINDACTA 4 | J111: FIAT/ TITANO | K111: 16.701.716/0001-56 | L111: FCA FIAT CHRYSLER AUTOMOVEIS BRASIL LTDA | Q111: HOMOLOGADO
A112: 24 | B112: P-11-01A-DTS | C112: PICK UP CABINE DUPLA | D112: 6 | E112: 6 | F112: ='90186_2024'!$D112-'90186_2024'!$E112 -> 0 | G112: 208646 | H112: =G112*D112 -> 1251876 | I112: CRCEA-SE | J112: FIAT/ TITANO | K112: 16.701.716/0001-56 | L112: FCA FIAT CHRYSLER AUTOMOVEIS BRASIL LTDA | Q112: HOMOLOGADO
A113: 24 | B113: P-11-01A-DTS | C113: PICK UP CABINE DUPLA | D113: 6 | E113: 6 | F113: ='90186_2024'!$D113-'90186_2024'!$E113 -> 0 | G113: 208646 | H113: =G113*D113 -> 1251876 | I113: DECEA | J113: FIAT/ TITANO | K113: 16.701.716/0001-56 | L113: FCA FIAT CHRYSLER AUTOMOVEIS BRASIL LTDA | Q113: HOMOLOGADO
A114: 24 | B114: P-11-01A-DTS | C114: PICK UP CABINE DUPLA | D114: 2 | E114: 2 | F114: ='90186_2024'!$D114-'90186_2024'!$E114 -> 0 | G114: 208646 | H114: =G114*D114 -> 417292 | I114: CISCEA | J114: FIAT/ TITANO | K114: 16.701.716/0001-56 | L114: FCA FIAT CHRYSLER AUTOMOVEIS BRASIL LTDA | Q114: HOMOLOGADO
A115: 24 | B115: P-11-01A-DTS | C115: PICK UP CABINE DUPLA | D115: 1 | E115: 1 | F115: ='90186_2024'!$D115-'90186_2024'!$E115 -> 0 | G115: 208646 | H115: =G115*D115 -> 208646 | I115: ICEA | J115: FIAT/ TITANO | K115: 16.701.716/0001-56 | L115: FCA FIAT CHRYSLER AUTOMOVEIS BRASIL LTDA | Q115: HOMOLOGADO
A116: 25 | B116: C-6-01A-DTS | C116: PICK UP CABINE SIMPLES | D116: 3 | E116: 3 | F116: ='90186_2024'!$D116-'90186_2024'!$E116 -> 0 | G116: 126880 | H116: =G116*D116 -> 380640 | I116: CINDACTA3 | J116: FIAT / STRADA CS | K116: 50.325.167/0001-09 | L116: X CAR VEICULOS LTDA FRACASSADO | Q116: HOMOLOGADO
A117: 26 | B117: C-9-01A-DTS | C117: REBOQUE CARGA | D117: 2 | E117: 1 | F117: ='90186_2024'!$D117-'90186_2024'!$E117 -> 1 | G117: 15250 | H117: =G117*D117 -> 30500 | I117: BASC | J117: CARRETAS RUSSO/P.C.S. DAMASCENO & CIA LTDA / R/ RUSSO CR 1700 1E-CARGA | K117: 46.151.804/0001-92 | L117: L D UNIDADES MOVEIS & REPRESENTACOES LTDA | Q117: HOMOLOGADO
A118: 26 | B118: C-9-01A-DTS | C118: REBOQUE CARGA | D118: 4 | E118: 1 | F118: ='90186_2024'!$D118-'90186_2024'!$E118 -> 3 | G118: 15250 | H118: =G118*D118 -> 61000 | I118: CINDACTA 3 | J118: CARRETAS RUSSO/P.C.S. DAMASCENO & CIA LTDA / R/ RUSSO CR 1700 1E-CARGA | K118: 46.151.804/0001-92 | L118: L D UNIDADES MOVEIS & REPRESENTACOES LTDA | Q118: HOMOLOGADO
A119: 27 | B119: E-22-01A-DTS | C119: REBOQUE MOTOCICLETA | D119: 1 | E119: X | F119: 0 | G119: 13000 | H119: =G119*D119 -> 13000 | I119: BANT | J119: ARC / CR01 | K119: 57.212.891/0001-67 | L119: LJX DO BRASIL LTDA FRACASADO | Q119: FRACASSADO
A120: 27 | B120: E-22-01A-DTS | C120: REBOQUE MOTOCICLETA | D120: 1 | E120: X | F120: 0 | G120: 13000 | H120: =G120*D120 -> 13000 | I120: GAP-BE | J120: ARC / CR01 | K120: 57.212.891/0001-67 | L120: LJX DO BRASIL LTDA FRACASADO | Q120: FRACASSADO
A121: 27 | B121: E-22-01A-DTS | C121: REBOQUE MOTOCICLETA | D121: 1 | E121: X | F121: 0 | G121: 13000 | H121: =G121*D121 -> 13000 | I121: GAP-CO | J121: ARC / CR01 | K121: 57.212.891/0001-67 | L121: LJX DO BRASIL LTDA FRACASADO | Q121: FRACASSADO
...

Sheet 90103_2024
A1: PAG | B1: 67106.000741/2024-69 | C1: STATUS em 07/10/24 item 1 homologado; item 2 fracassado | F1: VIGÊNCIA ENCERRADA
A2: ITEM | B2: VEÍCULO | C2: NOMENCLATURA | D2: QTD TR | E2: QTD EMPENHADO | F2: QTD DISPONÍVEL | G2: VALOR UNITÁRIO | H2: VALOR TOTAL | I2: OM RECEBEDORA | J2: MARCA/MODELO | K2: CNPJ | L2: EMPRESA | M2: CONTATO | N2: EMAIL | O2: ATA | P2: VIGÊNCIA | Q2: OBS
A3: 1 | B3: P-1/02A/DTS | C3: VEÍCULO ESPECIAL | D3: 2 | E3: 2 | F3: 0 | G3: 97500 | H3: =D3*G3 -> 195000 | I3: CINDACTA 4 | J3: FIAT - CRONOS DRIVE 1.3 FLEX 4P 2025 | K3: 16.701.716/0001-56 | L3: FCA Fiat Chrysler Automóveis Brasil Ltda | M3: (41) 99228 3904 | N3: antonio.menna@stellantis.com | O3: 01253/2024 | P3: 06/08/2024 a 05/08/2025
A4: 1 | B4: P-1/02A/DTS | C4: VEÍCULO ESPECIAL | D4: 2 | E4: 2 | F4: 0 | G4: 97500 | H4: =D4*G4 -> 195000 | I4: CRCEA-SE | J4: FIAT - CRONOS DRIVE 1.3 FLEX 4P 2025 | K4: 16.701.716/0001-56 | L4: FCA Fiat Chrysler Automóveis Brasil Ltda | M4: (41) 99228 3904 | N4: antonio.menna@stellantis.com | O4: 01253/2024 | P4: 06/08/2024 a 05/08/2025
A5: 1 | B5: P-1/02A/DTS | C5: VEÍCULO ESPECIAL | D5: 5 | E5: 5 | F5: 0 | G5: 97500 | H5: =D5*G5 -> 487500 | I5: GAP-RJ | J5: FIAT - CRONOS DRIVE 1.3 FLEX 4P 2025 | K5: 16.701.716/0001-56 | L5: FCA Fiat Chrysler Automóveis Brasil Ltda | M5: (41) 99228 3904 | N5: antonio.menna@stellantis.com | O5: 01253/2024 | P5: 06/08/2024 a 05/08/2025
A6: 1 | B6: P-1/02A/DTS | C6: VEÍCULO ESPECIAL | D6: 1 | E6: 1 | F6: 0 | G6: 97500 | H6: =D6*G6 -> 97500 | I6: GAP-CO | J6: FIAT - CRONOS DRIVE 1.3 FLEX 4P 2025 | K6: 16.701.716/0001-56 | L6: FCA Fiat Chrysler Automóveis Brasil Ltda | M6: (41) 99228 3904 | N6: antonio.menna@stellantis.com | O6: 01253/2024 | P6: 06/08/2024 a 05/08/2025
A7: 1 | B7: P-1/02A/DTS | C7: VEÍCULO ESPECIAL | D7: 1 | E7: 1 | F7: 0 | G7: 97500 | H7: =D7*G7 -> 97500 | I7: GAP-MN | J7: FIAT - CRONOS DRIVE 1.3 FLEX 4P 2025 | K7: 16.701.716/0001-56 | L7: FCA Fiat Chrysler Automóveis Brasil Ltda | M7: (41) 99228 3904 | N7: antonio.menna@stellantis.com | O7: 01253/2024 | P7: 06/08/2024 a 05/08/2025
A8: 2 | B8: P-10/01A/DTS | C8: MOTOCICLETA TRAIL | D8: 1 | E8: 0 | F8: 0 | G8: FRACASSADO | H8: FRACASSADO | I8: BANT | J8: x | K8: x | L8: x | M8: x | N8: x | O8: x | P8: x | Q8: x

Sheet 90060_2024
B1: 67106.000741/2024-69 | C1: VIGÊNCIA ENCERRADA
A2: 1 | B2: C-2/01A/DTS | C2: CAMINHÃO MÉDIO PESADO | D2: 1 | E2: 0 | F2: =D2-E2 -> 1 | G2: REVOGADO | H2: REVOGADO | I2: BANT | J2: x | K2: x | L2: x | M2: x | N2: x | O2: x | P2: x | Q2: x
A3: 2 | B3: C-4/01A/DTS | C3: FURGÃO LEVE | D3: 1 | E3: 1 | F3: =D3-E3 -> 0 | G3: 118000 | H3: ='90060_2024'!$D3*'90060_2024'!$G3 -> 118000 | I3: DECEA | J3: FIAT FIORINO ENDURANCE 1.4 FLEX 2024/2024 | K3: 23.821.956/0001-50 | L3: DINAMICA | M3: (62) 99139-5151 | N3: contato@comercialdinamica.com.br | O3: 1192 | P3: 45847
A4: 2 | B4: C-4/01A/DTS | C4: FURGÃO LEVE | D4: 1 | E4: 1 | F4: =D4-E4 -> 0 | G4: 118000 | H4: ='90060_2024'!$D4*'90060_2024'!$G4 -> 118000 | I4: BACG | J4: FIAT FIORINO ENDURANCE 1.4 FLEX 2024/2025 | K4: 23.821.956/0001-50 | L4: DINAMICA | M4: (62) 99139-5151 | N4: contato@comercialdinamica.com.br | O4: 1192 | P4: 45847
A5: 2 | B5: C-4/01A/DTS | C5: FURGÃO LEVE | D5: 1 | E5: 1 | F5: =D5-E5 -> 0 | G5: 118000 | H5: ='90060_2024'!$D5*'90060_2024'!$G5 -> 118000 | I5: BAPV | J5: FIAT FIORINO ENDURANCE 1.4 FLEX 2024/2026 | K5: 23.821.956/0001-50 | L5: DINAMICA | M5: (62) 99139-5151 | N5: contato@comercialdinamica.com.br | O5: 1192 | P5: 45847
A6: 2 | B6: C-4/01A/DTS | C6: FURGÃO LEVE | D6: 3 | E6: 2 | F6: =D6-E6 -> 1 | G6: 118000 | H6: ='90060_2024'!$D6*'90060_2024'!$G6 -> 354000 | I6: CINDACTA 3 | J6: FIAT FIORINO ENDURANCE 1.4 FLEX 2024/2027 | K6: 23.821.956/0001-50 | L6: DINAMICA | M6: (62) 99139-5151 | N6: contato@comercialdinamica.com.br | O6: 1192 | P6: 45847
A7: 2 | B7: C-4/01A/DTS | C7: FURGÃO LEVE | D7: 2 | E7: 2 | F7: =D7-E7 -> 0 | G7: 118000 | H7: ='90060_2024'!$D7*'90060_2024'!$G7 -> 236000 | I7: BANT | J7: FIAT FIORINO ENDURANCE 1.4 FLEX 2024/2028 | K7: 23.821.956/0001-50 | L7: DINAMICA | M7: (62) 99139-5151 | N7: contato@comercialdinamica.com.br | O7: 1192 | P7: 45847
A8: 3 | B8: C-6/01A/DTS | C8: PICK UP CABINE SIMPLES | D8: 3 | E8: 3 | F8: =D8-E8 -> 0 | G8: 109400 | H8: ='90060_2024'!$D8*'90060_2024'!$G8 -> 328200 | I8: CINDACTA 3 | J8: FIAT STRADA ENDURANCE CABINE PLUS/SIMPLES 1.3 FLEX 2024/2024 | K8: 23.821.956/0001-50 | L8: DINAMICA | M8: (62) 99139-5151 | N8: contato@comercialdinamica.com.br | O8: 1192 | P8: 45847
A9: 3 | B9: C-6/01A/DTS | C9: PICK UP CABINE SIMPLES | D9: 1 | E9: 1 | F9: =D9-E9 -> 0 | G9: 109400 | H9: ='90060_2024'!$D9*'90060_2024'!$G9 -> 109400 | I9: CLA | J9: FIAT STRADA ENDURANCE CABINE PLUS/SIMPLES 1.3 FLEX 2024/2024 | K9: 23.821.956/0001-50 | L9: DINAMICA | M9: (62) 99139-5151 | N9: contato@comercialdinamica.com.br | O9: 1192 | P9: 45847
A10: 3 | B10: C-6/01A/DTS | C10: PICK UP CABINE SIMPLES | D10: 1 | E10: 1 | F10: =D10-E10 -> 0 | G10: 109400 | H10: ='90060_2024'!$D10*'90060_2024'!$G10 -> 109400 | I10: GAP-RF | J10: FIAT STRADA ENDURANCE CABINE PLUS/SIMPLES 1.3 FLEX 2024/2024 | K10: 23.821.956/0001-50 | L10: DINAMICA | M10: (62) 99139-5151 | N10: contato@comercialdinamica.com.br | O10: 1192 | P10: 45847
A11: 3 | B11: C-6/01A/DTS | C11: PICK UP CABINE SIMPLES | D11: 1 | E11: 1 | F11: =D11-E11 -> 0 | G11: 109400 | H11: ='90060_2024'!$D11*'90060_2024'!$G11 -> 109400 | I11: BANT | J11: FIAT STRADA ENDURANCE CABINE PLUS/SIMPLES 1.3 FLEX 2024/2024 | K11: 23.821.956/0001-50 | L11: DINAMICA | M11: (62) 99139-5151 | N11: contato@comercialdinamica.com.br | O11: 1192 | P11: 45847
A12: 4 | B12: E-1/01A/DTS | C12: AMBULÂNCIA DE SUPORTE BÁSICO DE VIDA | D12: 1 | E12: 0 | F12: =D12-E12 -> 1 | G12: 349800 | H12: ='90060_2024'!$D12*'90060_2024'!$G12 -> 349800 | I12: BANT | J12: FORD TRANSIT / L3H3 | K12: 03.093.776/0018-30 | L12: MANUPA | M12: (11) 2478-2818 | N12: vg@manupa.com.br manupa@manupa.com.br | O12: 1190/2024 | P12: 45834
A13: 5 | B13: E-6/01A/DTS | C13: CARRO DE COLETOR | D13: 1 | E13: 0 | F13: x | G13: REVOGADO | H13: REVOGADO | I13: BANT | J13: x | K13: x | L13: x | M13: x | N13: x | O13: x | P13: x | Q13: x
A14: 6 | B14: E-10/02A/DTS | C14: EMPILHADEIRA | D14: 1 | E14: 0 | F14: =D14-E14 -> 1 | G14: 124899 | H14: ='90060_2024'!$D14*'90060_2024'!$G14 -> 124899 | I14: DECEA | J14: FABRICANTE: HANGCHA/ MODELO NACIONALIZADO MARCA: HANGCHA/ MOVIX MODELO: CPCD25/ MD25 | K14: 10.346.806/0001-90 | L14: MOVIX | M14: (54) 3342-9850 | N14: licitacao@movix.ind.br | O14: 1196 | P14: 45834
A15: 6 | B15: E-10/02A/DTS | C15: EMPILHADEIRA | D15: 1 | E15: 0 | F15: =D15-E15 -> 1 | G15: 124899 | H15: ='90060_2024'!$D15*'90060_2024'!$G15 -> 124899 | I15: CINDACTA 2 | J15: FABRICANTE: HANGCHA/ MODELO NACIONALIZADO MARCA: HANGCHA/ MOVIX MODELO: CPCD25/ MD25 | K15: 10.346.806/0001-90 | L15: MOVIX | M15: (54) 3342-9850 | N15: licitacao@movix.ind.br | O15: 1196 | P15: 45834
A16: 6 | B16: E-10/02A/DTS | C16: EMPILHADEIRA | D16: 4 | E16: 0 | F16: =D16-E16 -> 4 | G16: 124899 | H16: ='90060_2024'!$D16*'90060_2024'!$G16 -> 499596 | I16: CINDACTA 3 | J16: FABRICANTE: HANGCHA/ MODELO NACIONALIZADO MARCA: HANGCHA/ MOVIX MODELO: CPCD25/ MD25 | K16: 10.346.806/0001-90 | L16: MOVIX | M16: (54) 3342-9850 | N16: licitacao@movix.ind.br | O16: 1196 | P16: 45834
A17: 6 | B17: E-10/02A/DTS | C17: EMPILHADEIRA | D17: 1 | E17: 0 | F17: =D17-E17 -> 1 | G17: 124899 | H17: ='90060_2024'!$D17*'90060_2024'!$G17 -> 124899 | I17: CINDACTA 4 | J17: FABRICANTE: HANGCHA/ MODELO NACIONALIZADO MARCA: HANGCHA/ MOVIX MODELO: CPCD25/ MD25 | K17: 10.346.806/0001-90 | L17: MOVIX | M17: (54) 3342-9850 | N17: licitacao@movix.ind.br | O17: 1196 | P17: 45834
A18: 6 | B18: E-10/02A/DTS | C18: EMPILHADEIRA | D18: 1 | E18: 0 | F18: =D18-E18 -> 1 | G18: 124899 | H18: ='90060_2024'!$D18*'90060_2024'!$G18 -> 124899 | I18: CRCEA-SE | J18: FABRICANTE: HANGCHA/ MODELO NACIONALIZADO MARCA: HANGCHA/ MOVIX MODELO: CPCD25/ MD25 | K18: 10.346.806/0001-90 | L18: MOVIX | M18: (54) 3342-9850 | N18: licitacao@movix.ind.br | O18: 1196 | P18: 45834
A19: 7 | B19: E-11/02A/DTS | C19: TRATOR INDUSTRIAL | D19: 1 | E19: 0 | F19: =D19-E19 -> 1 | G19: FRACASSADO | H19: FRACASSADO | I19: BANT | J19: x | K19: x | L19: x | M19: x | N19: x | O19: x | P19: x | Q19: x
A20: 8 | B20: E-12/02B/DTS | C20: TRATOR DE RODAS COM ROÇADEIRA | D20: 2 | E20: 2 | F20: =D20-E20 -> 0 | G20: 177002.58 | H20: ='90060_2024'!$D20*'90060_2024'!$G20 -> 354005.16 | I20: BANT | J20: MAHINDRA 6075 / MFW ROTD 1800 | K20: 29.211.016/0002-06 | L20: DNM - DISTRIBUIDORA NACIONAL DE MAQUINAS LTDA | M20: (61) 99836-0434 | N20: DNMmaquinas@gmail.com | O20: 1197 | P20: 45840
A21: 8 | B21: E-12/02B/DTS | C21: TRATOR DE RODAS COM ROÇADEIRA | D21: 4 | E21: 4 | F21: =D21-E21 -> 0 | G21: 177002.58 | H21: ='90060_2024'!$D21*'90060_2024'!$G21 -> 708010.32 | I21: CINDACTA 3 | J21: MAHINDRA 6075 / MFW ROTD 1801 | K21: 29.211.016/0002-07 | L21: DNM - DISTRIBUIDORA NACIONAL DE MAQUINAS LTDA | M21: (61) 99836-0434 | N21: DNMmaquinas@gmail.com | O21: 1197 | P21: 45840
A22: 8 | B22: E-12/02B/DTS | C22: TRATOR DE RODAS COM ROÇADEIRA | D22: 1 | E22: 1 | F22: =D22-E22 -> 0 | G22: 177002.58 | H22: ='90060_2024'!$D22*'90060_2024'!$G22 -> 177002.58 | I22: GAP-MN | J22: MAHINDRA 6075 / MFW ROTD 1802 | K22: 29.211.016/0002-08 | L22: DNM - DISTRIBUIDORA NACIONAL DE MAQUINAS LTDA | M22: (61) 99836-0434 | N22: DNMmaquinas@gmail.com | O22: 1197 | P22: 45840
A23: ITEM | B23: VEÍCULO | C23: NOMENCLATURA | D23: QTD TR | E23: QNT EMPENHADO | F23: QNT DISPONÍVEL | G23: VALOR UNITÁRIO | H23: VALOR TOTAL | I23: OM RECEBEDORA | J23: MARCA | K23: CNPJ | L23: EMPRESA | M23: CONTATO | N23: EMAIL | O23: ATA | P23: VIGÊNCIA | Q23: OBS
A24: 9 | B24: E-14/01A/DTS | C24: MICROTRATOR COM APARADOR DE GRAMA | D24: 13 | E24: 13 | F24: =D24-E24 -> 0 | G24: 22299 | H24: ='90060_2024'!$D24*'90060_2024'!$G24 -> 289887 | I24: CINDACTA 3 | J24: Modelo: TS 142 Marca: HUSQVARNA | K24: 52.500.287/0001-12 | L24: CASA NASSER COMERCIO | M24: (19) 3656-9400 | N24: licitacoes@somassey.com.br | O24: 1195 | P24: 45834
A25: 10 | B25: E-17/01A/DTS | C25: RETROESCAVADEIRA COM PÁ CARREGADEIRA | D25: 1 | E25: 1 | F25: =D25-E25 -> 0 | G25: 386000 | H25: ='90060_2024'!$D25*'90060_2024'!$G25 -> 386000 | I25: AFA | J25: FABRICANTE/MARCA: XCMG MODELO: XC870BR-I PROCEDÊNCIA: NACIONAL | K25: 14.707.364/0001-10 | L25: XCMG BRASIL INDUSTRIA LTDA | M25: (35) 2102-0500 – ramal 10617 | N25: : agnaldo.mendes@zocarrio.com.br licitacao@xcmgbrasil.com.br T | O25: 1194 | P25: 45834 | Q25: EMPENHADO
A26: 10 | B26: E-17/01A/DTS | C26: RETROESCAVADEIRA COM PÁ CARREGADEIRA | D26: 1 | E26: 1 | F26: =D26-E26 -> 0 | G26: 386000 | H26: ='90060_2024'!$D26*'90060_2024'!$G26 -> 386000 | I26: BACG | J26: FABRICANTE/MARCA: XCMG MODELO: XC870BR-I PROCEDÊNCIA: NACIONAL | K26: 14.707.364/0001-10 | L26: XCMG BRASIL INDUSTRIA LTDA | M26: (35) 2102-0500 – ramal 10617 | N26: : agnaldo.mendes@zocarrio.com.br licitacao@xcmgbrasil.com.br T | O26: 1194 | P26: 45834 | Q26: reservado conforme Ofício nº 4579/SPOG-20/9378
A27: 10 | B27: E-17/01A/DTS | C27: RETROESCAVADEIRA COM PÁ CARREGADEIRA | D27: 1 | E27: 1 | F27: =D27-E27 -> 0 | G27: 386000 | H27: ='90060_2024'!$D27*'90060_2024'!$G27 -> 386000 | I27: BAFL | J27: FABRICANTE/MARCA: XCMG MODELO: XC870BR-I PROCEDÊNCIA: NACIONAL | K27: 14.707.364/0001-10 | L27: XCMG BRASIL INDUSTRIA LTDA | M27: (35) 2102-0500 – ramal 10617 | N27: : agnaldo.mendes@zocarrio.com.br licitacao@xcmgbrasil.com.br T | O27: 1194 | P27: 45834 | Q27: reservado conforme Ofício nº 4579/SPOG-20/9379
A28: 10 | B28: E-17/01A/DTS | C28: RETROESCAVADEIRA COM PÁ CARREGADEIRA | D28: 1 | E28: 1 | F28: =D28-E28 -> 0 | G28: 386000 | H28: ='90060_2024'!$D28*'90060_2024'!$G28 -> 386000 | I28: CPBV | J28: FABRICANTE/MARCA: XCMG MODELO: XC870BR-I PROCEDÊNCIA: NACIONAL | K28: 14.707.364/0001-10 | L28: XCMG BRASIL INDUSTRIA LTDA | M28: (35) 2102-0500 – ramal 10617 | N28: : agnaldo.mendes@zocarrio.com.br licitacao@xcmgbrasil.com.br T | O28: 1194 | P28: 45834 | Q28: reservado conforme Ofício nº 4579/SPOG-20/9380
A29: 10 | B29: E-17/01A/DTS | C29: RETROESCAVADEIRA COM PÁ CARREGADEIRA | D29: 1 | E29: 1 | F29: =D29-E29 -> 0 | G29: 386000 | H29: ='90060_2024'!$D29*'90060_2024'!$G29 -> 386000 | I29: BANT | J29: FABRICANTE/MARCA: XCMG MODELO: XC870BR-I PROCEDÊNCIA: NACIONAL | K29: 14.707.364/0001-10 | L29: XCMG BRASIL INDUSTRIA LTDA | M29: (35) 2102-0500 – ramal 10617 | N29: : agnaldo.mendes@zocarrio.com.br licitacao@xcmgbrasil.com.br T | O29: 1194 | P29: 45834
A30: 11 | B30: E-26/01A/DTS | C30: FURGÃO FRIGORÍFICO | D30: 1 | E30: 1 | F30: =D30-E30 -> 0 | G30: 275000 | H30: ='90060_2024'!$D30*'90060_2024'!$G30 -> 275000 | I30: GAP-AF | J30: RENAULT MASTER L2H2 | K30: 03.093.776/0018-30 | L30: MANUPA | M30: (11) 2478-2818 | N30: vg@manupa.com.br manupa@manupa.com.br | O30: 1190/2024 | P30: 45834
A31: 11 | B31: E-26/01A/DTS | C31: FURGÃO FRIGORÍFICO | D31: 1 | E31: 1 | F31: =D31-E31 -> 0 | G31: 275000 | H31: ='90060_2024'!$D31*'90060_2024'!$G31 -> 275000 | I31: BANT | J31: RENAULT MASTER L2H2 | K31: 03.093.776/0018-30 | L31: MANUPA | M31: (11) 2478-2818 | N31: vg@manupa.com.br manupa@manupa.com.br | O31: 1190/2024 | P31: 45834
A32: 12 | B32: P-1/02A/DTS | C32: VEÍCULO ESPECIAL | D32: 1 | E32: 0 | F32: =D32-E32 -> 1 | G32: FRACASSADO | H32: FRACASSADO | I32: CINDACTA 4 | J32: x | K32: x | L32: x | M32: x | N32: x | O32: x | P32: x | Q32: x
A33: 12 | B33: P-1/02A/DTS | C33: VEÍCULO ESPECIAL | D33: 1 | E33: 0 | F33: =D33-E33 -> 1 | G33: FRACASSADO | H33: FRACASSADO | I33: CRCEA-SE | J33: x | K33: x | L33: x | M33: x | N33: x | O33: x | P33: x | Q33: x
A34: 12 | B34: P-1/02A/DTS | C34: VEÍCULO ESPECIAL | D34: 1 | E34: 0 | F34: =D34-E34 -> 1 | G34: FRACASSADO | H34: FRACASSADO | I34: GAP-CO | J34: x | K34: x | L34: x | M34: x | N34: x | O34: x | P34: x | Q34: x
A35: 12 | B35: P-1/02A/DTS | C35: VEÍCULO ESPECIAL | D35: 1 | E35: 0 | F35: =D35-E35 -> 1 | G35: FRACASSADO | H35: FRACASSADO | I35: GAP-MN | J35: x | K35: x | L35: x | M35: x | N35: x | O35: x | P35: x | Q35: x
A36: 13 | B36: P-3/01A/DTS | C36: UTILITÁRIO | D36: 5 | E36: 0 | F36: =D36-E36 -> 5 | G36: FRACASSADO | H36: FRACASSADO | I36: DECEA | J36: x | K36: x | L36: x | M36: x | N36: x | O36: x | P36: x | Q36: x
A37: 13 | B37: P-3/01A/DTS | C37: UTILITÁRIO | D37: 1 | E37: 0 | F37: =D37-E37 -> 1 | G37: FRACASSADO | H37: FRACASSADO | I37: BAAN | J37: x | K37: x | L37: x | M37: x | N37: x | O37: x | P37: x | Q37: x
A38: 13 | B38: P-3/01A/DTS | C38: UTILITÁRIO | D38: 1 | E38: 0 | F38: =D38-E38 -> 1 | G38: FRACASSADO | H38: FRACASSADO | I38: BAFZ | J38: x | K38: x | L38: x | M38: x | N38: x | O38: x | P38: x | Q38: x
A39: 13 | B39: P-3/01A/DTS | C39: UTILITÁRIO | D39: 1 | E39: 0 | F39: =D39-E39 -> 1 | G39: FRACASSADO | H39: FRACASSADO | I39: BASV | J39: x | K39: x | L39: x | M39: x | N39: x | O39: x | P39: x | Q39: x
A40: 13 | B40: P-3/01A/DTS | C40: UTILITÁRIO | D40: 5 | E40: 0 | F40: =D40-E40 -> 5 | G40: FRACASSADO | H40: FRACASSADO | I40: CINDACTA 1 | J40: x | K40: x | L40: x | M40: x | N40: x | O40: x | P40: x | Q40: x
A41: 13 | B41: P-3/01A/DTS | C41: UTILITÁRIO | D41: 2 | E41: 0 | F41: =D41-E41 -> 2 | G41: FRACASSADO | H41: FRACASSADO | I41: CINDACTA 2 | J41: x | K41: x | L41: x | M41: x | N41: x | O41: x | P41: x | Q41: x
A42: 13 | B42: P-3/01A/DTS | C42: UTILITÁRIO | D42: 3 | E42: 0 | F42: =D42-E42 -> 3 | G42: FRACASSADO | H42: FRACASSADO | I42: CINDACTA 3 | J42: x | K42: x | L42: x | M42: x | N42: x | O42: x | P42: x | Q42: x
A43: 13 | B43: P-3/01A/DTS | C43: UTILITÁRIO | D43: 3 | E43: 0 | F43: =D43-E43 -> 3 | G43: FRACASSADO | H43: FRACASSADO | I43: CINDACTA 4 | J43: x | K43: x | L43: x | M43: x | N43: x | O43: x | P43: x | Q43: x
... A60: 14 | B60: P-5/01A/DTS | C60: MICROÔNIBUS | D60: 1 | E60: 0 | F60: =D60-E60 -> 1 | G60: FRACASSADO | H60: FRACASSADO | I60: GAP-LS | J60: x | K60: x | L60: x | M60: x | N60: x | O60: x | P60: x | Q60: x
A61: 15 | B61: P-8/01A/DTS | C61: MOTOCICLETA NORMAL | D61: 1 | E61: 0 | F61: =D61-E61 -> 1 | G61: 27489 | H61: ='90060_2024'!$D61*'90060_2024'!$G61 -> 27489 | I61: CRCEA-SE | J61: YAMAHA FACTOR 150 UBS - 2024/2024 | K61: 12.939.753/0001-46 | L61: VALE CENTER MOTOS | M61: (66) 3566-2020 (66) 98452-6520 | N61: 001440.titular@yamahaconcessionaria.com.br licitacaovalecentermotos@gmail.com | O61: 1193 | P61: 45834
A62: 15 | B62: P-8/01A/DTS | C62: MOTOCICLETA NORMAL | D62: 1 | E62: 0 | F62: =D62-E62 -> 1 | G62: 27489 | H62: ='90060_2024'!$D62*'90060_2024'!$G62 -> 27489 | I62: BANT | J62: YAMAHA FACTOR 150 UBS - 2024/2024 | K62: 12.939.753/0001-46 | L62: VALE CENTER MOTOS | M62: (66) 3566-2020 (66) 98452-6520 | N62: 001440.titular@yamahaconcessionaria.com.br licitacaovalecentermotos@gmail.com | O62: 1193 | P62: 45834
A63: 16 | B63: P-10/01A/DTS | C63: MOTOCICLETA TRAIL | D63: 1 | E63: 0 | F63: =D63-E63 -> 1 | G63: FRACASSADO | H63: FRACASSADO | I63: BANT | J63: x | K63: x | L63: x | M63: x | N63: x | O63: x | P63: x | Q63: x
A64: 17 | B64: P-11/01A/DTS | C64: PICK UP CABINE DUPLA | D64: 1 | E64: 1 | F64: =D64-E64 -> 0 | G64: 202990 | H64: ='90060_2024'!$D64*'90060_2024'!$G64 -> 202990 | I64: AFA | J64: L200 TRITON GL / MITSUBISHI | K64: 54.305.743/0011-70 | L64: HPE AUTOMOTORES | M64: (11) 98167-5341 | N64: governo@almeidaesilva.com.br | O64: 1191 | P64: 45834
A65: 17 | B65: P-11/01A/DTS | C65: PICK UP CABINE DUPLA | D65: 1 | E65: 1 | F65: =D65-E65 -> 0 | G65: 202990 | H65: ='90060_2024'!$D65*'90060_2024'!$G65 -> 202990 | I65: BABV | J65: L200 TRITON GL / MITSUBISHI | K65: 54.305.743/0011-70 | L65: HPE AUTOMOTORES | M65: (11) 98167-5341 | N65: governo@almeidaesilva.com.br | O65: 1191 | P65: 45834
A66: 17 | B66: P-11/01A/DTS | C66: PICK UP CABINE DUPLA | D66: 1 | E66: 1 | F66: =D66-E66 -> 0 | G66: 202990 | H66: ='90060_2024'!$D66*'90060_2024'!$G66 -> 202990 | I66: BAFZ | J66: L200 TRITON GL / MITSUBISHI | K66: 54.305.743/0011-70 | L66: HPE AUTOMOTORES | M66: (11) 98167-5341 | N66: governo@almeidaesilva.com.br | O66: 1191 | P66: 45834
A67: 17 | B67: P-11/01A/DTS | C67: PICK UP CABINE DUPLA | D67: 8 | E67: 8 | F67: =D67-E67 -> 0 | G67: 202990 | H67: ='90060_2024'!$D67*'90060_2024'!$G67 -> 1623920 | I67: BANT | J67: L200 TRITON GL / MITSUBISHI | K67: 54.305.743/0011-70 | L67: HPE AUTOMOTORES | M67: (11) 98167-5341 | N67: governo@almeidaesilva.com.br | O67: 1191 | P67: 45834
A68: 17 | B68: P-11/01A/DTS | C68: PICK UP CABINE DUPLA | D68: 1 | E68: 1 | F68: =D68-E68 -> 0 | G68: 202990 | H68: ='90060_2024'!$D68*'90060_2024'!$G68 -> 202990 | I68: BASM | J68: L200 TRITON GL / MITSUBISHI | K68: 54.305.743/0011-70 | L68: HPE AUTOMOTORES | M68: (11) 98167-5341 | N68: governo@almeidaesilva.com.br | O68: 1191 | P68: 45834
A69: 17 | B69: P-11/01A/DTS | C69: PICK UP CABINE DUPLA | D69: 1 | E69: 1 | F69: =D69-E69 -> 0 | G69: 202990 | H69: ='90060_2024'!$D69*'90060_2024'!$G69 -> 202990 | I69: CINDACTA 2 | J69: L200 TRITON GL / MITSUBISHI | K69: 54.305.743/0011-70 | L69: HPE AUTOMOTORES | M69: (11) 98167-5341 | N69: governo@almeidaesilva.com.br | O69: 1191 | P69: 45834
A70: 17 | B70: P-11/01A/DTS | C70: PICK UP CABINE DUPLA | D70: 8 | E70: 8 | F70: =D70-E70 -> 0 | G70: 202990 | H70: ='90060_2024'!$D70*'90060_2024'!$G70 -> 1623920 | I70: CINDACTA 3 | J70: L200 TRITON GL / MITSUBISHI | K70: 54.305.743/0011-70 | L70: HPE AUTOMOTORES | M70: (11) 98167-5341 | N70: governo@almeidaesilva.com.br | O70: 1191 | P70: 45834
A71: 17 | B71: P-11/01A/DTS | C71: PICK UP CABINE DUPLA | D71: 4 | E71: 4 | F71: =D71-E71 -> 0 | G71: 202990 | H71: ='90060_2024'!$D71*'90060_2024'!$G71 -> 811960 | I71: CINDACTA 4 | J71: L200 TRITON GL / MITSUBISHI | K71: 54.305.743/0011-70 | L71: HPE AUTOMOTORES | M71: (11) 98167-5341 | N71: governo@almeidaesilva.com.br | O71: 1191 | P71: 45834
A72: 17 | B72: P-11/01A/DTS | C72: PICK UP CABINE DUPLA | D72: 1 | E72: 1 | F72: =D72-E72 -> 0 | G72: 202990 | H72: ='90060_2024'!$D72*'90060_2024'!$G72 -> 202990 | I72: EPCAR | J72: L200 TRITON GL / MITSUBISHI | K72: 54.305.743/0011-70 | L72: HPE AUTOMOTORES | M72: (11) 98167-5341 | N72: governo@almeidaesilva.com.br | O72: 1191 | P72: 45834
A73: 17 | B73: P-11/01A/DTS | C73: PICK UP CABINE DUPLA | D73: 1 | E73: 1 | F73: =D73-E73 -> 0 | G73: 202990 | H73: ='90060_2024'!$D73*'90060_2024'!$G73 -> 202990 | I73: GABAER | J73: L200 TRITON GL / MITSUBISHI | K73: 54.305.743/0011-70 | L73: HPE AUTOMOTORES | M73: (11) 98167-5341 | N73: governo@almeidaesilva.com.br | O73: 1191 | P73: 45834
A74: 17 | B74: P-11/01A/DTS | C74: PICK UP CABINE DUPLA | D74: 1 | E74: 1 | F74: =D74-E74 -> 0 | G74: 202990 | H74: ='90060_2024'!$D74*'90060_2024'!$G74 -> 202990 | I74: GAP-BE | J74: L200 TRITON GL / MITSUBISHI | K74: 54.305.743/0011-70 | L74: HPE AUTOMOTORES | M74: (11) 98167-5341 | N74: governo@almeidaesilva.com.br | O74: 1191 | P74: 45834
A75: 17 | B75: P-11/01A/DTS | C75: PICK UP CABINE DUPLA | D75: 1 | E75: 1 | F75: =D75-E75 -> 0 | G75: 202990 | H75: ='90060_2024'!$D75*'90060_2024'!$G75 -> 202990 | I75: GAP-CO | J75: L200 TRITON GL / MITSUBISHI | K75: 54.305.743/0011-70 | L75: HPE AUTOMOTORES | M75: (11) 98167-5341 | N75: governo@almeidaesilva.com.br | O75: 1191 | P75: 45834
... A88: 19 | B88: P-14/01A/DTS | C88: VAN | D88: 1 | E88: 1 | F88: =D88-E88 -> 0 | G88: 295000 | H88: ='90060_2024'!$D88*'90060_2024'!$G88 -> 295000 | I88: BAFL | J88: FORD RENAULT MASTER / L3H2 16 LUGARES | K88: 03.093.776/0018-30 | L88: MANUPA | M88: (11) 2478-2818 | N88: vg@manupa.com.br manupa@manupa.com.br | O88: 1191 | P88: 45834
A89: 19 | B89: P-14/01A/DTS | C89: VAN | D89: 1 | E89: 1 | F89: =D89-E89 -> 0 | G89: 295000 | H89: ='90060_2024'!$D89*'90060_2024'!$G89 -> 295000 | I89: BASC | J89: FORD RENAULT MASTER / L3H2 16 LUGARES | K89: 03.093.776/0018-30 | L89: MANUPA | M89: (11) 2478-2818 | N89: vg@manupa.com.br manupa@manupa.com.br | O89: 1190/2024 | P89: 45834
A90: 19 | B90: P-14/01A/DTS | C90: VAN | D90: 4 | E90: 4 | F90: =D90-E90 -> 0 | G90: 295000 | H90: ='90060_2024'!$D90*'90060_2024'!$G90 -> 1180000 | I90: CINDACTA 1 | J90: FORD RENAULT MASTER / L3H2 16 LUGARES | K90: 03.093.776/0018-30 | L90: MANUPA | M90: (11) 2478-2818 | N90: vg@manupa.com.br manupa@manupa.com.br | O90: 1190/2024 | P90: 45834
A91: 19 | B91: P-14/01A/DTS | C91: VAN | D91: 1 | E91: 1 | F91: =D91-E91 -> 0 | G91: 295000 | H91: ='90060_2024'!$D91*'90060_2024'!$G91 -> 295000 | I91: CINDACTA 2 | J91: FORD RENAULT MASTER / L3H2 16 LUGARES | K91: 03.093.776/0018-30 | L91: MANUPA | M91: (11) 2478-2818 | N91: vg@manupa.com.br manupa@manupa.com.br | O91: 1190/2024 | P91: 45834
A92: 19 | B92: P-14/01A/DTS | C92: VAN | D92: 2 | E92: 2 | F92: =D92-E92 -> 0 | G92: 295000 | H92: ='90060_2024'!$D92*'90060_2024'!$G92 -> 590000 | I92: BANT | J92: FORD RENAULT MASTER / L3H2 16 LUGARES | K92: 03.093.776/0018-30 | L92: MANUPA | M92: (11) 2478-2818 | N92: vg@manupa.com.br manupa@manupa.com.br | O92: 1190/2024 | P92: 45834
A93: 19 | B93: P-14/01A/DTS | C93: VAN | D93: 3 | E93: 3 | F93: =D93-E93 -> 0 | G93: 295000 | H93: ='90060_2024'!$D93*'90060_2024'!$G93 -> 885000 | I93: CINDACTA 4 | J93: FORD RENAULT MASTER / L3H2 16 LUGARES | K93: 03.093.776/0018-30 | L93: MANUPA | M93: (11) 2478-2818 | N93: vg@manupa.com.br manupa@manupa.com.br | O93: 1190/2024 | P93: 45834
A94: 19 | B94: P-14/01A/DTS | C94: VAN | D94: 2 | E94: 2 | F94: =D94-E94 -> 0 | G94: 295000 | H94: ='90060_2024'!$D94*'90060_2024'!$G94 -> 590000 | I94: CISCEA | J94: FORD RENAULT MASTER / L3H2 16 LUGARES | K94: 03.093.776/0018-30 | L94: MANUPA | M94: (11) 2478-2818 | N94: vg@manupa.com.br manupa@manupa.com.br | O94: 1190/2024 | P94: 45834
A95: 19 | B95: P-14/01A/DTS | C95: VAN | D95: 1 | E95: 1 | F95: =D95-E95 -> 0 | G95: 295000 | H95: ='90060_2024'!$D95*'90060_2024'!$G95 -> 295000 | I95: GAP-BR | J95: FORD RENAULT MASTER / L3H2 16 LUGARES | K95: 03.093.776/0018-30 | L95: MANUPA | M95: (11) 2478-2818 | N95: vg@manupa.com.br manupa@manupa.com.br | O95: 1190/2024 | P95: 45834
A96: 20 | B96: P-15/01A/DTS | C96: CARRO PATRULHA | D96: 1 | E96: 1 | F96: =D96-E96 -> 0 | G96: 219990 | H96: ='90060_2024'!$D96*'90060_2024'!$G96 -> 219990 | I96: CINDACTA 2 | J96: L200 TRITON GL / MITSUBISHI | K96: 54.305.743/0011-70 | L96: HPE AUTOMOTORES | M96: (11) 98167-5341 | N96: governo@almeidaesilva.com.br | O96: 1191 | P96: 45834
A97: 20 | B97: P-15/01A/DTS | C97: CARRO PATRULHA | D97: 1 | E97: 0 | F97: =D97-E97 -> 1 | G97: 219990 | H97: ='90060_2024'!$D97*'90060_2024'!$G97 -> 219990 | I97: AFA | J97: L200 TRITON GL / MITSUBISHI | K97: 54.305.743/0011-70 | L97: HPE AUTOMOTORES | M97: (11) 98167-5341 | N97: governo@almeidaesilva.com.br | O97: 1191 | P97: 45834
A98: 20 | B98: P-15/01A/DTS | C98: CARRO PATRULHA | D98: 1 | E98: 0 | F98: =D98-E98 -> 1 | G98: 219990 | H98: ='90060_2024'!$D98*'90060_2024'!$G98 -> 219990 | I98: BAAN | J98: L200 TRITON GL / MITSUBISHI | K98: 54.305.743/0011-70 | L98: HPE AUTOMOTORES | M98: (11) 98167-5341 | N98: governo@almeidaesilva.com.br | O98: 1191 | P98: 45834
A99: 20 | B99: P-15/01A/DTS | C99: CARRO PATRULHA | D99: 1 | E99: 0 | F99: =D99-E99 -> 1 | G99: 219990 | H99: ='90060_2024'!$D99*'90060_2024'!$G99 -> 219990 | I99: BABV | J99: L200 TRITON GL / MITSUBISHI | K99: 54.305.743/0011-70 | L99: HPE AUTOMOTORES | M99: (11) 98167-5341 | N99: governo@almeidaesilva.com.br | O99: 1191 | P99: 45834
A100: 20 | B100: P-15/01A/DTS | C100: CARRO PATRULHA | D100: 1 | E100: 0 | F100: =D100-E100 -> 1 | G100: 219990 | H100: ='90060_2024'!$D100*'90060_2024'!$G100 -> 219990 | I100: BACG | J100: L200 TRITON GL / MITSUBISHI | K100: 54.305.743/0011-70 | L100: HPE AUTOMOTORES | M100: (11) 98167-5341 | N100: governo@almeidaesilva.com.br | O100: 1191 | P100: 45834
A101: 20 | B101: P-15/01A/DTS | C101: CARRO PATRULHA | D101: 1 | E101: 0 | F101: =D101-E101 -> 1 | G101: 219990 | H101: ='90060_2024'!$D101*'90060_2024'!$G101 -> 219990 | I101: BAFL | J101: L200 TRITON GL / MITSUBISHI | K101: 54.305.743/0011-70 | L101: HPE AUTOMOTORES | M101: (11) 98167-5341 | N101: governo@almeidaesilva.com.br | O101: 1191 | P101: 45834
A102: 20 | B102: P-15/01A/DTS | C102: CARRO PATRULHA | D102: 1 | E102: 0 | F102: =D102-E102 -> 1 | G102: 219990 | H102: ='90060_2024'!$D102*'90060_2024'!$G102 -> 219990 | I102: BAFZ | J102: L200 TRITON GL / MITSUBISHI | K102: 54.305.743/0011-70 | L102: HPE AUTOMOTORES | M102: (11) 98167-5341 | N102: governo@almeidaesilva.com.br | O102: 1191 | P102: 45834
A103: 20 | B103: P-15/01A/DTS | C103: CARRO PATRULHA | D103: 2 | E103: 0 | F103: =D103-E103 -> 2 | G103: 219990 | H103: ='90060_2024'!$D103*'90060_2024'!$G103 -> 439980 | I103: BANT | J103: L200 TRITON GL / MITSUBISHI | K103: 54.305.743/0011-70 | L103: HPE AUTOMOTORES | M103: (11) 98167-5341 | N103: governo@almeidaesilva.com.br | O103: 1191 | P103: 45834
A104: 20 | B104: P-15/01A/DTS | C104: CARRO PATRULHA | D104: 1 | E104: 0 | F104: =D104-E104 -> 1 | G104: 219990 | H104: ='90060_2024'!$D104*'90060_2024'!$G104 -> 219990 | I104: BASV | J104: L200 TRITON GL / MITSUBISHI | K104: 54.305.743/0011-70 | L104: HPE AUTOMOTORES | M104: (11) 98167-5341 | N104: governo@almeidaesilva.com.br | O104: 1191 | P104: 45834
A105: 20 | B105: P-15/01A/DTS | C105: CARRO PATRULHA | D105: 1 | E105: 0 | F105: =D105-E105 -> 1 | G105: 219990 | H105: ='90060_2024'!$D105*'90060_2024'!$G105 -> 219990 | I105: EEAR | J105: L200 TRITON GL / MITSUBISHI | K105: 54.305.743/0011-70 | L105: HPE AUTOMOTORES | M105: (11) 98167-5341 | N105: governo@almeidaesilva.com.br | O105: 1191 | P105: 45834
A106: 20 | B106: P-15/01A/DTS | C106: CARRO PATRULHA | D106: 1 | E106: 0 | F106: =D106-E106 -> 1 | G106: 219990 | H106: ='90060_2024'!$D106*'90060_2024'!$G106 -> 219990 | I106: EPCAR | J106: L200 TRITON GL / MITSUBISHI | K106: 54.305.743/0011-70 | L106: HPE AUTOMOTORES | M106: (11) 98167-5341 | N106: governo@almeidaesilva.com.br | O106: 1191 | P106: 45834
A107: 20 | B107: P-15/01A/DTS | C107: CARRO PATRULHA | D107: 1 | E107: 0 | F107: =D107-E107 -> 1 | G107: 219990 | H107: ='90060_2024'!$D107*'90060_2024'!$G107 -> 219990 | I107: GAP-DF | J107: L200 TRITON GL / MITSUBISHI | K107: 54.305.743/0011-70 | L107: HPE AUTOMOTORES | M107: (11) 98167-5341 | N107: governo@almeidaesilva.com.br | O107: 1191 | P107: 45834
... A110: 20 | B110: P-15/01A/DTS | C110: CARRO PATRULHA | D110: 1 | E110: 0 | F110: =D110-E110 -> 1 | G110: 219990 | H110: ='90060_2024'!$D110*'90060_2024'!$G110 -> 219990 | I110: GAP-SP | J110: L200 TRITON GL / MITSUBISHI | K110: 54.305.743/0011-70 | L110: HPE AUTOMOTORES | M110: (11) 98167-5341 | N110: governo@almeidaesilva.com.br | O110: 1191 | P110: 45834
A111: 21 | B111: P-18/01A/DTS | C111: ÔNIBUS MILITARIZADO | D111: 1 | E111: 0 | F111: =D111-E111 -> 1 | G111: 1490000 | H111: ='90060_2024'!$D111*'90060_2024'!$G111 -> 1490000 | I111: BANT | J111: MERCEDES / OF1726 CARROCERIA MASCARELLO | K111: 03.093.776/0018-30 | L111: MANUPA | M111: (11) 2478-2818 | N111: vg@manupa.com.br manupa@manupa.com.br | P111: 45906
A117: TOTAL - PREGÃO | D117: =SUM(D2:D111) -> 186 | G117: =SUM(G2:G111) -> 17633900 | H117: =SUM(H2:H111) -> 26620815
A118: FRAC. / REV. | D118: =SUM(D32:D60,D63,D19,D13,D2) -> 56
A119: HOMOLOGADO | D119: =SUM(D117-D118) -> 130

Sheet 90101_2024
A1: PAG | B1: 67106.001146/2024 | C1: STATUS em 24/10/24: Itens 1, 2 e 3 (Julgado e habilitado (decisão de recursos em análise) | G1: VIGÊNCIA ENCERRADA
A2: ITEM | B2: VEÍCULO | C2: NOMENCLATURA | D2: QTD TR | E2: QTD EMPENHADO | F2: QNT DISPONÍVEL | G2: VALOR UNITÁRIO | H2: VALOR TOTAL | I2: OM RECEBEDORA | J2: MARCA | K2: CNPJ | L2: EMPRESA | M2: CONTATO | N2: EMAIL | O2: ATA | P2: VIGÊNCIA | Q2: OBS
A3: 1 | B3: E1-01A-DTS | C3: AMBULÂNCIA DE SUPORTE BÁSICO DE VIDA | D3: 1 | E3: 0 | F3: =D3-E3 -> 1 | G3: 419000 | H3: =D3*G3 -> 419000 | I3: CGABEG | J3: RENAULT/RENAULT DO BRASIL S.A | K3: 00.913.443/0001-73 | L3: RENAULT DO BRASIL S.A | P3: 45955
A4: 1 | B4: E1-01A-DTS | C4: AMBULÂNCIA DE SUPORTE BÁSICO DE VIDA | D4: 1 | E4: 1 | F4: =D4-E4 -> 0 | G4: 419000 | H4: =D4*G4 -> 419000 | I4: GSAU-AK | J4: RENAULT/RENAULT DO BRASIL S.A | K4: 00.913.443/0001-73 | L4: RENAULT DO BRASIL S.A | P4: 45955
A5: 1 | B5: E1-01A-DTS | C5: AMBULÂNCIA DE SUPORTE BÁSICO DE VIDA | D5: 1 | E5: 0 | F5: =D5-E5 -> 1 | G5: 419000 | H5: =D5*G5 -> 419000 | I5: GSAU-AN | J5: RENAULT/RENAULT DO BRASIL S.A | K5: 00.913.443/0001-73 | L5: RENAULT DO BRASIL S.A | P5: 45955
A6: 1 | B6: E1-01A-DTS | C6: AMBULÂNCIA DE SUPORTE BÁSICO DE VIDA | D6: 1 | E6: 0 | F6: =D6-E6 -> 1 | G6: 419000 | H6: =D6*G6 -> 419000 | I6: GSAU-BQ | J6: RENAULT/RENAULT DO BRASIL S.A | K6: 00.913.443/0001-73 | L6: RENAULT DO BRASIL S.A | P6: 45955
A7: 1 | B7: E1-01A-DTS | C7: AMBULÂNCIA DE SUPORTE BÁSICO DE VIDA | D7: 1 | E7: 0 | F7: =D7-E7 -> 1 | G7: 419000 | H7: =D7*G7 -> 419000 | I7: GSAU-BV | J7: RENAULT/RENAULT DO BRASIL S.A | K7: 00.913.443/0001-73 | L7: RENAULT DO BRASIL S.A | P7: 45955
A8: 1 | B8: E1-01A-DTS | C8: AMBULÂNCIA DE SUPORTE BÁSICO DE VIDA | D8: 1 | E8: 0 | F8: =D8-E8 -> 1 | G8: 419000 | H8: =D8*G8 -> 419000 | I8: GSAU-CG | J8: RENAULT/RENAULT DO BRASIL S.A | K8: 00.913.443/0001-73 | L8: RENAULT DO BRASIL S.A | P8: 45955
A9: 1 | B9: E1-01A-DTS | C9: AMBULÂNCIA DE SUPORTE BÁSICO DE VIDA | D9: 1 | E9: 0 | F9: =D9-E9 -> 1 | G9: 419000 | H9: =D9*G9 -> 419000 | I9: GSAU-FZ | J9: RENAULT/RENAULT DO BRASIL S.A | K9: 00.913.443/0001-73 | L9: RENAULT DO BRASIL S.A | P9: 45955
A10: 1 | B10: E1-01A-DTS | C10: AMBULÂNCIA DE SUPORTE BÁSICO DE VIDA | D10: 1 | E10: 1 | F10: =D10-E10 -> 0 | G10: 419000 | H10: =D10*G10 -> 419000 | I10: GSAU-GW | J10: RENAULT/RENAULT DO BRASIL S.A | K10: 00.913.443/0001-73 | L10: RENAULT DO BRASIL S.A | P10: 45955
A11: 1 | B11: E1-01A-DTS | C11: AMBULÂNCIA DE SUPORTE BÁSICO DE VIDA | D11: 1 | E11: 0 | F11: =D11-E11 -> 1 | G11: 419000 | H11: =D11*G11 -> 419000 | I11: GSAU-NT | J11: RENAULT/RENAULT DO BRASIL S.A | K11: 00.913.443/0001-73 | L11: RENAULT DO BRASIL S.A | P11: 45955
A12: 1 | B12: E1-01A-DTS | C12: AMBULÂNCIA DE SUPORTE BÁSICO DE VIDA | D12: 1 | E12: 0 | F12: =D12-E12 -> 1 | G12: 419000 | H12: =D12*G12 -> 419000 | I12: GSAU-PV | J12: RENAULT/RENAULT DO BRASIL S.A | K12: 00.913.443/0001-73 | L12: RENAULT DO BRASIL S.A | P12: 45955
A13: 1 | B13: E1-01A-DTS | C13: AMBULÂNCIA DE SUPORTE BÁSICO DE VIDA | D13: 1 | E13: 0 | F13: =D13-E13 -> 1 | G13: 419000 | H13: =D13*G13 -> 419000 | I13: GSAU-SJ | J13: RENAULT/RENAULT DO BRASIL S.A | K13: 00.913.443/0001-73 | L13: RENAULT DO BRASIL S.A | P13: 45955
A14: 1 | B14: E1-01A-DTS | C14: AMBULÂNCIA DE SUPORTE BÁSICO DE VIDA | D14: 1 | E14: 1 | F14: =D14-E14 -> 0 | G14: 419000 | H14: =D14*G14 -> 419000 | I14: GSAU-SV | J14: RENAULT/RENAULT DO BRASIL S.A | K14: 00.913.443/0001-73 | L14: RENAULT DO BRASIL S.A | P14: 45955
... A37: 3 | B37: E2-02A-DTS | C37: AMBULÂNCIA DE SUPORTE AVANÇADO DE VIDA 4x4 | D37: 1 | E37: 0 | F37: =D37-E37 -> 1 | G37: 1760000 | H37: =D37*G37 -> 1760000 | I37: HAAF | J37: agrale/ marrua | K37: 08.299.803/0001-27 | L37: BEM ESTAR HOSPITALAR | P37: 45955
A38: TOTAL - PREGÃO | D38: =SUM(D3:D37) -> 36 | G38: =SUM(G3:G37) -> 23624000 | H38: =SUM(H3:H37) -> 24043000
A39: FRAC. / REV.
A40: HOMOLOGADO | D40: =SUM(D38-D39) -> 36
H41: =D41*G41 -> 0

Sheet 90121_2024
A1: PAG | B1: 67106.000741/2024-69 | C1: STATUS em 08/11/24 item 1 homologado; item 2 homologado
A2: ITEM | B2: VEÍCULO | C2: NOMENCLATURA | D2: QTD TR | E2: QTD EMPENHADO | F2: QTD DISPONÍVEL | G2: VALOR UNITÁRIO | H2: VALOR TOTAL | I2: OM RECEBEDORA | J2: MARCA | K2: CNPJ | L2: EMPRESA | M2: CONTATO | N2: EMAIL | O2: ATA | P2: VIGÊNCIA | Q2: OBS
A3: 1 | B3: P-5/01A/DTS | C3: MICROÔNIBUS | D3: 3 | E3: 1 | F3: =D3-E3 -> 2 | G3: 825000 | H3: =D3*G3 -> 2475000 | I3: DECEA | J3: VOLKSWAGEN / MASCARELLO | K3: 11.726.521/0001-47 | L3: TRANSRIO CAMINHOES, ONIBUS, MAQUINAS E MOTORES LTDA | M3: 12 988939333 | N3: marcus.turner@transrio.com.br | O3: 01290/2024 | P3: 03/09/2024 a 02/09/2025 | Q3: homologado
A4: 1 | B4: P-5/01A/DTS | C4: MICROÔNIBUS | D4: 1 | E4: 0 | F4: =D4-E4 -> 1 | G4: 825000 | H4: =D4*G4 -> 825000 | I4: CINDACTA 1 | J4: VOLKSWAGEN / MASCARELLO | K4: 11.726.521/0001-47 | L4: TRANSRIO CAMINHOES, ONIBUS, MAQUINAS E MOTORES LTDA | M4: 12 988939333 | N4: marcus.turner@transrio.com.br | O4: 01290/2024 | P4: 03/09/2024 a 02/09/2025 | Q4: homologado
A5: 1 | B5: P-5/01A/DTS | C5: MICROÔNIBUS | D5: 3 | E5: 0 | F5: =D5-E5 -> 3 | G5: 825000 | H5: =D5*G5 -> 2475000 | I5: CINDACTA 2 | J5: VOLKSWAGEN / MASCARELLO | K5: 11.726.521/0001-47 | L5: TRANSRIO CAMINHOES, ONIBUS, MAQUINAS E MOTORES LTDA | M5: 12 988939333 | N5: marcus.turner@transrio.com.br | O5: 01290/2024 | P5: 03/09/2024 a 02/09/2025 | Q5: homologado
A6: 1 | B6: P-5/01A/DTS | C6: MICROÔNIBUS | D6: 1 | E6: 0 | F6: =D6-E6 -> 1 | G6: 825000 | H6: =D6*G6 -> 825000 | I6: CINDACTA 3 | J6: VOLKSWAGEN / MASCARELLO | K6: 11.726.521/0001-47 | L6: TRANSRIO CAMINHOES, ONIBUS, MAQUINAS E MOTORES LTDA | M6: 12 988939333 | N6: marcus.turner@transrio.com.br | O6: 01290/2024 | P6: 03/09/2024 a 02/09/2025 | Q6: homologado
A7: 1 | B7: P-5/01A/DTS | C7: MICROÔNIBUS | D7: 1 | E7: 0 | F7: =D7-E7 -> 1 | G7: 825000 | H7: =D7*G7 -> 825000 | I7: GAP-AF | J7: VOLKSWAGEN / MASCARELLO | K7: 11.726.521/0001-47 | L7: TRANSRIO CAMINHOES, ONIBUS, MAQUINAS E MOTORES LTDA | M7: 12 988939333 | N7: marcus.turner@transrio.com.br | O7: 01290/2024 | P7: 03/09/2024 a 02/09/2025 | Q7: homologado
A8: 1 | B8: P-5/01A/DTS | C8: MICROÔNIBUS | D8: 1 | E8: 0 | F8: =D8-E8 -> 1 | G8: 825000 | H8: =D8*G8 -> 825000 | I8: GAP-BR | J8: VOLKSWAGEN / MASCARELLO | K8: 11.726.521/0001-47 | L8: TRANSRIO CAMINHOES, ONIBUS, MAQUINAS E MOTORES LTDA | M8: 12 988939333 | N8: marcus.turner@transrio.com.br | O8: 01290/2024 | P8: 03/09/2024 a 02/09/2025 | Q8: homologado
A9: 1 | B9: P-5/01A/DTS | C9: MICROÔNIBUS | D9: 1 | E9: 0 | F9: =D9-E9 -> 1 | G9: 825000 | H9: =D9*G9 -> 825000 | I9: GAP-GL | J9: VOLKSWAGEN / MASCARELLO | K9: 11.726.521/0001-47 | L9: TRANSRIO CAMINHOES, ONIBUS, MAQUINAS E MOTORES LTDA | M9: 12 988939333 | N9: marcus.turner@transrio.com.br | O9: 01290/2024 | P9: 03/09/2024 a 02/09/2025 | Q9: homologado
A10: 1 | B10: P-5/01A/DTS | C10: MICROÔNIBUS | D10: 1 | E10: 1 | F10: =D10-E10 -> 0 | G10: 825000 | H10: =D10*G10 -> 825000 | I10: BANT | J10: VOLKSWAGEN / MASCARELLO | K10: 11.726.521/0001-47 | L10: TRANSRIO CAMINHOES, ONIBUS, MAQUINAS E MOTORES LTDA | M10: 12 988939333 | N10: marcus.turner@transrio.com.br | O10: 01290/2024 | P10: 03/09/2024 a 02/09/2025 | Q10: homologado
A11: 1 | B11: P-5/01A/DTS | C11: MICROÔNIBUS | D11: 1 | E11: 0 | F11: =D11-E11 -> 1 | G11: 825000 | H11: =D11*G11 -> 825000 | I11: GAP-LS | J11: VOLKSWAGEN / MASCARELLO | K11: 11.726.521/0001-47 | L11: TRANSRIO CAMINHOES, ONIBUS, MAQUINAS E MOTORES LTDA | M11: 12 988939333 | N11: marcus.turner@transrio.com.br | O11: 01290/2024 | P11: 03/09/2024 a 02/09/2025 | Q11: homologado
A12: 2 | B12: P-3/01A/DTS | C12: UTILITÁRIO | D12: 5 | E12: 2 | F12: =D12-E12 -> 3 | G12: 132825 | H12: 132825 | I12: DECEA | J12: C3 AIRCROSS 7 FEEL TURBO 200 AT | K12: 07.886.644/0001-78 | L12: Ok Distribuidora de Veículos e Peças LTDA | M12: 11 4723 1330 | N12: não fornecido | O12: 01637/2024 | P12: 11/11/2024 a 10/11/2025 | Q12: homologado
A13: 2 | B13: P-3/01A/DTS | C13: UTILITÁRIO | D13: 1 | E13: 0 | F13: =D13-E13 -> 1 | G13: 132825 | H13: =D13*G13 -> 132825 | I13: BAAN | J13: C3 AIRCROSS 7 FEEL TURBO 200 AT | K13: 07.886.644/0001-78 | L13: Ok Distribuidora de Veículos e Peças LTDA | M13: 11 4723 1330 | N13: não fornecido | O13: 01637/2024 | P13: 11/11/2024 a 10/11/2025 | Q13: homologado
A14: 2 | B14: P-3/01A/DTS | C14: UTILITÁRIO | D14: 1 | E14: 0 | F14: =D14-E14 -> 1 | G14: 132825 | H14: =D14*G14 -> 132825 | I14: BAFZ | J14: C3 AIRCROSS 7 FEEL TURBO 200 AT | K14: 07.886.644/0001-78 | L14: Ok Distribuidora de Veículos e Peças LTDA | M14: 11 4723 1330 | N14: não fornecido | O14: 01637/2024 | P14: 11/11/2024 a 10/11/2025 | Q14: homologado
A15: 2 | B15: P-3/01A/DTS | C15: UTILITÁRIO | D15: 1 | E15: 0 | F15: =D15-E15 -> 1 | G15: 132825 | H15: =D15*G15 -> 132825 | I15: BASV | J15: C3 AIRCROSS 7 FEEL TURBO 200 AT | K15: 07.886.644/0001-78 | L15: Ok Distribuidora de Veículos e Peças LTDA | M15: 11 4723 1330 | N15: não fornecido | O15: 01637/2024 | P15: 11/11/2024 a 10/11/2025 | Q15: homologado
A16: 2 | B16: P-3/01A/DTS | C16: UTILITÁRIO | D16: 5 | E16: 0 | F16: =D16-E16 -> 5 | G16: 132825 | H16: =D16*G16 -> 664125 | I16: CINDACTA 1 | J16: C3 AIRCROSS 7 FEEL TURBO 200 AT | K16: 07.886.644/0001-78 | L16: Ok Distribuidora de Veículos e Peças LTDA | M16: 11 4723 1330 | N16: não fornecido | O16: 01637/2024 | P16: 11/11/2024 a 10/11/2025 | Q16: homologado
A17: 2 | B17: P-3/01A/DTS | C17: UTILITÁRIO | D17: 2 | E17: 0 | F17: =D17-E17 -> 2 | G17: 132825 | H17: =D17*G17 -> 265650 | I17: CINDACTA 2 | J17: C3 AIRCROSS 7 FEEL TURBO 200 AT | K17: 07.886.644/0001-78 | L17: Ok Distribuidora de Veículos e Peças LTDA | M17: 11 4723 1330 | N17: não fornecido | O17: 01637/2024 | P17: 11/11/2024 a 10/11/2025 | Q17: homologado
A18: 2 | B18: P-3/01A/DTS | C18: UTILITÁRIO | D18: 3 | E18: 0 | F18: =D18-E18 -> 3 | G18: 132825 | H18: =D18*G18 -> 398475 | I18: CINDACTA 3 | J18: C3 AIRCROSS 7 FEEL TURBO 200 AT | K18: 07.886.644/0001-78 | L18: Ok Distribuidora de Veículos e Peças LTDA | M18: 11 4723 1330 | N18: não fornecido | O18: 01637/2024 | P18: 11/11/2024 a 10/11/2025 | Q18: homologado
A19: 2 | B19: P-3/01A/DTS | C19: UTILITÁRIO | D19: 3 | E19: 0 | F19: =D19-E19 -> 3 | G19: 132825 | H19: =D19*G19 -> 398475 | I19: CINDACTA 4 | J19: C3 AIRCROSS 7 FEEL TURBO 200 AT | K19: 07.886.644/0001-78 | L19: Ok Distribuidora de Veículos e Peças LTDA | M19: 11 4723 1330 | N19: não fornecido | O19: 01637/2024 | P19: 11/11/2024 a 10/11/2025 | Q19: homologado
A20: 2 | B20: P-3/01A/DTS | C20: UTILITÁRIO | D20: 1 | E20: 0 | F20: =D20-E20 -> 1 | G20: 132825 | H20: =D20*G20 -> 132825 | I20: CLA | J20: C3 AIRCROSS 7 FEEL TURBO 200 AT | K20: 07.886.644/0001-78 | L20: Ok Distribuidora de Veículos e Peças LTDA | M20: 11 4723 1330 | N20: não fornecido | O20: 01637/2024 | P20: 11/11/2024 a 10/11/2025 | Q20: homologado
A21: 2 | B21: P-3/01A/DTS | C21: UTILITÁRIO | D21: 1 | E21: 0 | F21: =D21-E21 -> 1 | G21: 132825 | H21: =D21*G21 -> 132825 | I21: EPCAR | J21: C3 AIRCROSS 7 FEEL TURBO 200 AT | K21: 07.886.644/0001-78 | L21: Ok Distribuidora de Veículos e Peças LTDA | M21: 11 4723 1330 | N21: não fornecido | O21: 01637/2024 | P21: 11/11/2024 a 10/11/2025 | Q21: homologado
A22: 2 | B22: P-3/01A/DTS | C22: UTILITÁRIO | D22: 1 | E22: 0 | F22: =D22-E22 -> 1 | G22: 132825 | H22: =D22*G22 -> 132825 | I22: GABAER | J22: C3 AIRCROSS 7 FEEL TURBO 200 AT | K22: 07.886.644/0001-78 | L22: Ok Distribuidora de Veículos e Peças LTDA | M22: 11 4723 1330 | N22: não fornecido | O22: 01637/2024 | P22: 11/11/2024 a 10/11/2025 | Q22: homologado
A23: 2 | B23: P-3/01A/DTS | C23: UTILITÁRIO | D23: 1 | E23: 0 | F23: =D23-E23 -> 1 | G23: 132825 | H23: =D23*G23 -> 132825 | I23: GAP-AF | J23: C3 AIRCROSS 7 FEEL TURBO 200 AT | K23: 07.886.644/0001-78 | L23: Ok Distribuidora de Veículos e Peças LTDA | M23: 11 4723 1330 | N23: não fornecido | O23: 01637/2024 | P23: 11/11/2024 a 10/11/2025 | Q23: homologado
A24: 2 | B24: P-3/01A/DTS | C24: UTILITÁRIO | D24: 1 | E24: 0 | F24: =D24-E24 -> 1 | G24: 132825 | H24: =D24*G24 -> 132825 | I24: GAP-DF | J24: C3 AIRCROSS 7 FEEL TURBO 200 AT | K24: 07.886.644/0001-78 | L24: Ok Distribuidora de Veículos e Peças LTDA | M24: 11 4723 1330 | N24: não fornecido | O24: 01637/2024 | P24: 11/11/2024 a 10/11/2025 | Q24: homologado
... A27: 2 | B27: P-3/01A/DTS | C27: UTILITÁRIO | D27: 7 | E27: 0 | F27: =D27-E27 -> 7 | G27: 132825 | H27: =D27*G27 -> 929775 | I27: BANT | J27: C3 AIRCROSS 7 FEEL TURBO 200 AT | K27: 07.886.644/0001-78 | L27: Ok Distribuidora de Veículos e Peças LTDA | M27: 11 4723 1330 | N27: não fornecido | O27: 01637/2024 | P27: 11/11/2024 a 10/11/2025 | Q27: homologado

Sheet 90091_2024
A1: PAG | B1: 67106.001329/2024-66 | C1: STATUS em 07/10/24 item 1e item 2 Julgado e habilitado (aberto para contrarrazões)
A2: ITEM | B2: NOMENCLATURA | C2: QTD TR | D2: QTD EMPENHADO | E2: QTD DISPONÍVEL | F2: VALOR UNITÁRIO | G2: VALOR TOTAL | H2: OM RECEBEDORA | I2: MARCA/MODELO | J2: CNPJ | K2: EMPRESA | L2: CONTATO | M2: EMAIL | N2: ATA | O2: VIGÊNCIA | P2: OBS
A3: 1 | B3: MÓDULO DE ABASTECIMENTO AUTOMOTIVO COMPLETO CAP. 15.000 LITROS PLENO PARA GASOLINA Acordo NBR 15461 | C3: 1 | D3: 1 | E3: =C3-D3 -> 0 | F3: 130000 | G3: =C3*F3 -> 130000 | H3: CPBV | I3: JBS | J3: 29.309.381/0001-77 | K3: Inova Agronegócios LTDA | L3: (62) 99885-3642 | M3: inova.agronegocios01@gmail.com | N3: 01350/2024 | O3: 24/09/2024 a 23/09/2025
A4: 1 | B4: MÓDULO DE ABASTECIMENTO AUTOMOTIVO COMPLETO CAP. 15.000 LITROS PLENO PARA GASOLINA Acordo NBR 15461 | C4: 1 | D4: 1 | E4: =C4-D4 -> 0 | F4: 130000 | G4: =C4*F4 -> 130000 | H4: GAP-CO (GAP-AF) | I4: JBS | J4: 29.309.381/0001-77 | K4: Inova Agronegócios LTDA | L4: (62) 99885-3642 | M4: inova.agronegocios01@gmail.com | N4: 01350/2024 | O4: 24/09/2024 a 23/09/2025
A5: 1 | B5: MÓDULO DE ABASTECIMENTO AUTOMOTIVO COMPLETO CAP. 15.000 LITROS PLENO PARA GASOLINA Acordo NBR 15461 | C5: 1 | D5: 1 | E5: =C5-D5 -> 0 | F5: 130000 | G5: =C5*F5 -> 130000 | H5: GAP-AF | I5: JBS | J5: 29.309.381/0001-77 | K5: Inova Agronegócios LTDA | L5: (62) 99885-3642 | M5: inova.agronegocios01@gmail.com | N5: 01350/2024 | O5: 24/09/2024 a 23/09/2025
A6: 1 | B6: MÓDULO DE ABASTECIMENTO AUTOMOTIVO COMPLETO CAP. 15.000 LITROS PLENO PARA GASOLINA Acordo NBR 15461 | C6: 1 | D6: 1 | E6: =C6-D6 -> 0 | F6: 130000 | G6: =C6*F6 -> 130000 | H6: BANT | I6: JBS | J6: 29.309.381/0001-77 | K6: Inova Agronegócios LTDA | L6: (62) 99885-3642 | M6: inova.agronegocios01@gmail.com | N6: 01350/2024 | O6: 24/09/2024 a 23/09/2025
A7: 1 | B7: MÓDULO DE ABASTECIMENTO AUTOMOTIVO COMPLETO CAP. 15.000 LITROS PLENO PARA GASOLINA Acordo NBR 15461 | C7: 1 | D7: 1 | E7: =C7-D7 -> 0 | F7: 130000 | G7: =C7*F7 -> 130000 | H7: BACG (CLBI) | I7: JBS | J7: 29.309.381/0001-77 | K7: Inova Agronegócios LTDA | L7: (62) 99885-3642 | M7: inova.agronegocios01@gmail.com | N7: 01350/2024 | O7: 24/09/2024 a 23/09/2025
A8: 1 | B8: MÓDULO DE ABASTECIMENTO AUTOMOTIVO COMPLETO CAP. 15.000 LITROS PLENO PARA GASOLINA Acordo NBR 15461 | C8: 1 | D8: 1 | E8: =C8-D8 -> 0 | F8: 130000 | G8: =C8*F8 -> 130000 | H8: COMARA | I8: JBS | J8: 29.309.381/0001-77 | K8: Inova Agronegócios LTDA | L8: (62) 99885-3642 | M8: inova.agronegocios01@gmail.com | N8: 01350/2024 | O8: 24/09/2024 a 23/09/2025
A9: 1 | B9: MÓDULO DE ABASTECIMENTO AUTOMOTIVO COMPLETO CAP. 15.000 LITROS PLENO PARA GASOLINA Acordo NBR 15461 | C9: 1 | D9: 0 | E9: =C9-D9 -> 1 | F9: 130000 | G9: =C9*F9 -> 130000 | H9: GAP-BE | I9: JBS | J9: 29.309.381/0001-77 | K9: Inova Agronegócios LTDA | L9: (62) 99885-3642 | M9: inova.agronegocios01@gmail.com | N9: 01350/2024 | O9: 24/09/2024 a 23/09/2025
A10: 1 | B10: MÓDULO DE ABASTECIMENTO AUTOMOTIVO COMPLETO CAP. 15.000 LITROS PLENO PARA GASOLINA Acordo NBR 15461 | C10: 1 | D10: 0 | E10: =C10-D10 -> 1 | F10: 130000 | G10: =C10*F10 -> 130000 | H10: CRCEA-SE | I10: JBS | J10: 29.309.381/0001-77 | K10: Inova Agronegócios LTDA | L10: (62) 99885-3642 | M10: inova.agronegocios01@gmail.com | N10: 01350/2024 | O10: 24/09/2024 a 23/09/2025
A11: 2 | B11: MÓDULO DE ABASTECIMENTO AUTOMOTIVO COMPLETO CAP. 15.000 LITROS PLENO DIESEL S10 Acordo NBR 15461 | C11: 1 | D11: 1 | E11: =C11-D11 -> 0 | F11: 105000 | G11: =C11*F11 -> 105000 | H11: CPBV | I11: JBS | J11: 29.309.381/0001-77 | K11: Inova Agronegócios LTDA | L11: (62) 99885-3642 | M11: inova.agronegocios01@gmail.com | N11: 01350/2024 | O11: 24/09/2024 a 23/09/2025
A12: 2 | B12: MÓDULO DE ABASTECIMENTO AUTOMOTIVO COMPLETO CAP. 15.000 LITROS PLENO DIESEL S10 Acordo NBR 15461 | C12: 1 | D12: 1 | E12: =C12-D12 -> 0 | F12: 105000 | G12: =C12*F12 -> 105000 | H12: GAP-CO (GAP-AF) | I12: JBS | J12: 29.309.381/0001-77 | K12: Inova Agronegócios LTDA | L12: (62) 99885-3642 | M12: inova.agronegocios01@gmail.com | N12: 01350/2024 | O12: 24/09/2024 a 23/09/2025
A13: 2 | B13: MÓDULO DE ABASTECIMENTO AUTOMOTIVO COMPLETO CAP. 15.000 LITROS PLENO DIESEL S10 Acordo NBR 15461 | C13: 1 | D13: 1 | E13: =C13-D13 -> 0 | F13: 105000 | G13: =C13*F13 -> 105000 | H13: GAP-AF | I13: JBS | J13: 29.309.381/0001-77 | K13: Inova Agronegócios LTDA | L13: (62) 99885-3642 | M13: inova.agronegocios01@gmail.com | N13: 01350/2024 | O13: 24/09/2024 a 23/09/2025
A14: 2 | B14: MÓDULO DE ABASTECIMENTO AUTOMOTIVO COMPLETO CAP. 15.000 LITROS PLENO DIESEL S10 Acordo NBR 15461 | C14: 1 | D14: 1 | E14: =C14-D14 -> 0 | F14: 105000 | G14: =C14*F14 -> 105000 | H14: BANT | I14: JBS | J14: 29.309.381/0001-77 | K14: Inova Agronegócios LTDA | L14: (62) 99885-3642 | M14: inova.agronegocios01@gmail.com | N14: 01350/2024 | O14: 24/09/2024 a 23/09/2025
... A18: 2 | B18: MÓDULO DE ABASTECIMENTO AUTOMOTIVO COMPLETO CAP. 15.000 LITROS PLENO DIESEL S10 Acordo NBR 15461 | C18: 1 | D18: 0 | E18: =C18-D18 -> 1 | F18: 105000 | G18: =C18*F18 -> 105000 | H18: CRCEA-SE | I18: JBS | J18: 29.309.381/0001-77 | K18: Inova Agronegócios LTDA | L18: (62) 99885-3642 | M18: inova.agronegocios01@gmail.com | N18: 01350/2024 | O18: 24/09/2024 a 23/09/2025

Sheet 233_2023
A1: PAG n° 67106.002131/2023-19 | D1: VIGÊNCIA ENCERRADA
A2: ITEM | B2: VEÍCULO | C2: NOMENCLATURA | D2: QTD TR | E2: QTD EMPENHADO | F2: QNT DISPONÍVEL | G2: VALOR UNITÁRIO | H2: VALOR TOTAL | I2: OM RECEBEDORA | J2: MARCA/MODELO | K2: CNPJ | L2: EMPRESA | M2: CONTATO | N2: E-MAIL | O2: ATA | P2: VIGÊNCIA | Q2: OBSERVAÇÃO
A3: 1 | B3: E-1 | C3: AMBULÂNCIA DE SUPORTE BÁSICO DE VIDA | D3: 17 | E3: 13 | F3: =D3-E3 -> 4 | G3: 334800 | J3: RENAULT - MASTER L3H2 | K3: 38.120.508/0001-04 | L3: G10 TRANSFORMADORA, COMERCIO E SERVICOS LTDA | N3: g10transformadora@gmail.com | O3: 1316/2023 | P3: 45679
A4: 2 | B4: E-2 | C4: AMBULÂNCIA DE SUPORTE AVANÇADO DE VIDA | D4: 13 | E4: 2 | F4: =D4-E4 -> 11 | G4: 529000 | J4: RENAULT - MASTER L3H2 | K4: 51.552.005/0001-68 | L4: NOVO HORIZONTE COMERCIO E SERVICOS LTDA | O4: 1311/2023 | P4: 45679

Sheet 247_2023
A1: PAG n° 67106.002279/2023-53 | D1: VIGÊNCIA ENCERRADA
A2: ITEM | B2: VEÍCULO | C2: NOMENCLATURA | D2: QTD TR | E2: QTD EMPENHADO | F2: QNT DISPONÍVEL | G2: VALOR UNITÁRIO | H2: VALOR TOTAL | I2: OM TERMO DE REFERÊNCIA | J2: MARCA/MODELO | K2: CNPJ | L2: EMPRESA | M2: CONTATO | N2: E-MAIL | O2: ATA | P2: VIGÊNCIA | Q2: OBSERVAÇÃO
A3: 1 | B3: C-1/01A/DTS | C3: CAMINHÃO LEVE | D3: 1 | E3: 1 | F3: =D3-E3 -> 0 | G3: 305000 | H3: =G3*D3 -> 305000 | I3: CINDACTA 1 | J3: HYUNDAI/ HD80 COM CARROCERIA | K3: 34.263.393/0001-48 | L3: DELTA COMERCIAL E SERVICOS LTDA | M3: 62 98538-1830 | N3: deltacomercial08@gmail.com | O3: 1006 | P3: 45696
A4: 1 | B4: C-1/01A/DTS | C4: CAMINHÃO LEVE | D4: 1 | E4: 1 | F4: =D4-E4 -> 0 | G4: 305000 | H4: =G4*D4 -> 305000 | I4: CRCEA-SE | J4: HYUNDAI/ HD80 COM CARROCERIA | K4: 34.263.393/0001-48 | L4: DELTA COMERCIAL E SERVICOS LTDA | M4: 62 98538-1830 | N4: deltacomercial08@gmail.com | O4: 1006 | P4: 45696
A5: 2 | B5: C-4/01A/DTS | C5: FURGÃO LEVE | D5: 1 | E5: 1 | F5: =D5-E5 -> 0 | G5: 144000 | H5: =G5*D5 -> 144000 | I5: DECEA | J5: PEUGEOT PARTNER | K5: 51.552.005/0001-68 | L5: NOVO HORIZONTE COMERCIO E SERVIÇOS LTDA | M5: (62) 32286752 | N5: admnovohorizontecomercio@gmail.com nhcomercio.vendas02@gmail.com | O5: 1326 | P5: 45654
A6: 2 | B6: C-4/01A/DTS | C6: FURGÃO LEVE | D6: 1 | E6: 1 | F6: =D6-E6 -> 0 | G6: 144000 | H6: =G6*D6 -> 144000 | I6: BACG | J6: PEUGEOT PARTNER | K6: 51.552.005/0001-68 | L6: NOVO HORIZONTE COMERCIO E SERVIÇOS LTDA | M6: (62) 32286752 | N6: admnovohorizontecomercio@gmail.com nhcomercio.vendas02@gmail.com | O6: 1326 | P6: 45654
A7: 2 | B7: C-4/01A/DTS | C7: FURGÃO LEVE | D7: 1 | E7: 1 | F7: =D7-E7 -> 0 | G7: 144000 | H7: =G7*D7 -> 144000 | I7: BAPV | J7: PEUGEOT PARTNER | K7: 51.552.005/0001-68 | L7: NOVO HORIZONTE COMERCIO E SERVIÇOS LTDA | M7: (62) 32286752 | N7: admnovohorizontecomercio@gmail.com nhcomercio.vendas02@gmail.com | O7: 1326 | P7: 45654
A8: 2 | B8: C-4/01A/DTS | C8: FURGÃO LEVE | D8: 3 | E8: 2 | F8: =D8-E8 -> 1 | G8: 144000 | H8: =G8*D8 -> 432000 | I8: CINDACTA 3 | J8: PEUGEOT PARTNER | K8: 51.552.005/0001-68 | L8: NOVO HORIZONTE COMERCIO E SERVIÇOS LTDA | M8: (62) 32286752 | N8: admnovohorizontecomercio@gmail.com nhcomercio.vendas02@gmail.com | O8: 1326 | P8: 45654
A9: 3 | B9: C-4/02A/DTS | C9: FURGÃO LEVE (TIPO VAN) | D9: 1 | E9: 1 | F9: =D9-E9 -> 0 | G9: 253684 | H9: =G9*D9 -> 253684 | I9: CINDACTA 2 | J9: FIAT/ NOVA DUCATO CARGO 2.2 DIESEL 2024 | K9: 16.701.716/0001-56 | L9: FCA FIAT CHRYSLER AUTOMOVEIS BRASIL LTDA | M9: 11 993795516 | N9: graziela.souza@stellantis.com // rodrigo.magalhaes@stellantis.com | O9: 1323 | P9: 45654
A10: 3 | B10: C-4/02A/DTS | C10: FURGÃO LEVE (TIPO VAN) | D10: 1 | E10: 1 | F10: =D10-E10 -> 0 | G10: 253684 | H10: =G10*D10 -> 253684 | I10: CISCEA | J10: FIAT/ NOVA DUCATO CARGO 2.2 DIESEL 2024 | K10: 16.701.716/0001-56 | L10: FCA FIAT CHRYSLER AUTOMOVEIS BRASIL LTDA | M10: 11 993795516 | N10: graziela.souza@stellantis.com // rodrigo.magalhaes@stellantis.com | O10: 1323 | P10: 45654
A11: 3 | B11: C-4/02A/DTS | C11: FURGÃO LEVE (TIPO VAN) | D11: 1 | E11: 1 | F11: =D11-E11 -> 0 | G11: 253684 | H11: =G11*D11 -> 253684 | I11: CRCEA-SE | J11: FIAT/ NOVA DUCATO CARGO 2.2 DIESEL 2024 | K11: 16.701.716/0001-56 | L11: FCA FIAT CHRYSLER AUTOMOVEIS BRASIL LTDA | M11: 11 993795516 | N11: graziela.souza@stellantis.com // rodrigo.magalhaes@stellantis.com | O11: 1323 | P11: 45654
A12: 3 | B12: C-4/02A/DTS | C12: FURGÃO LEVE (TIPO VAN) | D12: 1 | E12: 1 | F12: =D12-E12 -> 0 | G12: 253684 | H12: =G12*D12 -> 253684 | I12: GABAER | J12: FIAT/ NOVA DUCATO CARGO 2.2 DIESEL 2024 | K12: 16.701.716/0001-56 | L12: FCA FIAT CHRYSLER AUTOMOVEIS BRASIL LTDA | M12: 11 993795516 | N12: graziela.souza@stellantis.com // rodrigo.magalhaes@stellantis.com | O12: 1323 | P12: 45654
A13: 4 | B13: C-5/01A/DTS | C13: CAMINHÃO BAÚ | D13: 1 | E13: 1 | F13: =D13-E13 -> 0 | G13: 518980 | H13: =G13*D13 -> 518980 | I13: CINDACTA 4 | J13: IVECO/ TECTOR 150E21 (4x2) | K13: 46.135.499/0001-45 | L13: FORZA DISTRIBUIDORA LTDA | M13: (62) 9 9967-4771 | N13: temporarioforza@gmail.com | O13: 1007 | P13: 45716
A14: 4 | B14: C-5/01A/DTS | C14: CAMINHÃO BAÚ | D14: 1 | E14: 1 | F14: =D14-E14 -> 0 | G14: 518980 | H14: =G14*D14 -> 518980 | I14: CISCEA | J14: IVECO/ TECTOR 150E21 (4x2) | K14: 46.135.499/0001-45 | L14: FORZA DISTRIBUIDORA LTDA | M14: (62) 9 9967-4771 | N14: temporarioforza@gmail.com | O14: 1007 | P14: 45716
... A23: 9 | B23: E-8/01A/DTS | C23: CARRO GUINCHO SOCORRO LEVE | D23: 1 | E23: 0 | F23: =D23-E23 -> 1 | G23: 649900 | H23: =G23*D23 -> 649900 | I23: GAP-SP | J23: VOLKSWAGEN / 14210 PLATAFORMA AUTO SOCORRO | K23: 11.726.521/0020-00 | L23: TRANSRIO CAMINHOES, ONIBUS, MAQUINAS E MOTORES LTDA | M23: 12 974072062 ou 12 988939333 | N23: marcus.turner@hotmail.com////Edson.aguiar@transrio.com.br | O23: 1325 | P23: 45696
A24: 10 | B24: E-10/02A/DTS | C24: EMPILHADEIRA | D24: 1 | E24: x | F24: x | G24: REVOGADO | H24: REVOGADO | J24: x | K24: x | L24: x | O24: x | P24: x | Q24: x
A25: 10 | B25: E-10/02A/DTS | C25: EMPILHADEIRA | D25: 1 | E25: x | F25: x | G25: REVOGADO | H25: REVOGADO | I25: CINDACTA 2 | J25: x | K25: x | L25: x | O25: x | P25: x | Q25: x
A26: 10 | B26: E-10/02A/DTS | C26: EMPILHADEIRA | D26: 4 | E26: x | F26: x | G26: REVOGADO | H26: REVOGADO | I26: CINDACTA 3 | J26: x | K26: x | L26: x | O26: x | P26: x | Q26: x
A27: 10 | B27: E-10/02A/DTS | C27: EMPILHADEIRA | D27: 1 | E27: x | F27: x | G27: REVOGADO | H27: REVOGADO | I27: CINDACTA 4 | J27: x | K27: x | L27: x | O27: x | P27: x | Q27: x
A28: 10 | B28: E-10/02A/DTS | C28: EMPILHADEIRA | D28: 1 | E28: x | F28: x | G28: REVOGADO | H28: REVOGADO | I28: CRCEA-SE | J28: x | K28: x | L28: x | O28: x | P28: x | Q28: x
A29: 11 | B29: E-12/03B/DTS | C29: TRATOR DE RODAS COM ROÇADEIRA | D29: 1 | E29: x | F29: x | G29: FRACASSADO | H29: FRACASSADO | I29: ERA PRA ONDE? | J29: x | K29: x | L29: x | O29: x | P29: x | Q29: x
A30: 11 | B30: E-12/03B/DTS | C30: TRATOR DE RODAS COM ROÇADEIRA | D30: 4 | E30: x | F30: x | G30: FRACASSADO | H30: FRACASSADO | I30: CINDACTA 3 | J30: x | K30: x | L30: x | O30: x | P30: x | Q30: x
A31: 11 | B31: E-12/03B/DTS | C31: TRATOR DE RODAS COM ROÇADEIRA | D31: 1 | E31: x | F31: x | G31: FRACASSADO | H31: FRACASSADO | I31: GAP-MN | J31: x | K31: x | L31: x | O31: x | P31: x | Q31: x
A32: 12 | B32: E-13/01A/DTS | C32: TRATOR DE ESTEIRAS | D32: 1 | E32: 0 | F32: 1 | G32: 1189999.8 | H32: =G32*D32 -> 1189999.8 | I32: CPBV | J32: UNFORKLIFT/ UN16YE | Q32: AGUARDANDO RECURSO
A33: 13 | B33: E-14/01A/DTS | C33: MICROTRATOR COM APARADOR DE GRAMA | D33: 13 | E33: x | F33: x | G33: FRACASSADO | H33: FRACASSADO | I33: ERA PRA ONDE? | J33: x | K33: x | L33: x | O33: x | P33: x | Q33: x
A34: 14 | B34: E-15/01A/DTS | C34: CAMINHÃO EQUIPADO COM GUINDASTE HIDRÁULICO | D34: 1 | E34: 1 | F34: =D34-E34 -> 0 | G34: 979980 | H34: =G34*D34 -> 979980 | I34: CINDACTA 1 | J34: VOLVO/ VMX 290 (6x4) | K34: 46.135.499/0001-45 | L34: FORZA DISTRIBUIDORA LTDA | M34: (62) 9 9967-4771 | N34: temporarioforza@gmail.com | O34: 1007 | P34: 45716
A35: 14 | B35: E-15/01A/DTS | C35: CAMINHÃO EQUIPADO COM GUINDASTE HIDRÁULICO | D35: 1 | E35: 1 | F35: =D35-E35 -> 0 | G35: 979980 | H35: =G35*D35 -> 979980 | I35: CINDACTA 2 | J35: VOLVO/ VMX 290 (6x4) | K35: 46.135.499/0001-45 | L35: FORZA DISTRIBUIDORA LTDA | M35: (62) 9 9967-4771 | N35: temporarioforza@gmail.com | O35: 1007 | P35: 45716
A36: 14 | B36: E-15/01A/DTS | C36: CAMINHÃO EQUIPADO COM GUINDASTE HIDRÁULICO | D36: 1 | E36: 1 | F36: =D36-E36 -> 0 | G36: 979980 | H36: =G36*D36 -> 979980 | I36: CINDACTA 3 | J36: VOLVO/ VMX 290 (6x4) | K36: 46.135.499/0001-45 | L36: FORZA DISTRIBUIDORA LTDA | M36: (62) 9 9967-4771 | N36: temporarioforza@gmail.com | O36: 1007 | P36: 45716
A37: 14 | B37: E-15/01A/DTS | C37: CAMINHÃO EQUIPADO COM GUINDASTE HIDRÁULICO | D37: 1 | E37: 1 | F37: =D37-E37 -> 0 | G37: 979980 | H37: =G37*D37 -> 979980 | I37: GAP-AF | J37: VOLVO/ VMX 290 (6x4) | K37: 46.135.499/0001-45 | L37: FORZA DISTRIBUIDORA LTDA | M37: (62) 9 9967-4771 | N37: temporarioforza@gmail.com | O37: 1007 | P37: 45716
A38: 14 | B38: E-15/01A/DTS | C38: CAMINHÃO EQUIPADO COM GUINDASTE HIDRÁULICO | D38: 1 | E38: 1 | F38: =D38-E38 -> 0 | G38: 979980 | H38: =G38*D38 -> 979980 | I38: GAP-SJ | J38: VOLVO/ VMX 290 (6x4) | K38: 46.135.499/0001-45 | L38: FORZA DISTRIBUIDORA LTDA | M38: (62) 9 9967-4771 | N38: temporarioforza@gmail.com | O38: 1007 | P38: 45716
A39: 15 | B39: E-16/01A/DTS | C39: CAMINHÃO EQUIPADO COM ELEVADOR HIDRÁULICO E CESTO AÉREO | D39: 1 | E39: 1 | F39: =D39-E39 -> 0 | G39: 592400 | H39: =G39*D39 -> 592400 | I39: GAP-SJ | J39: VOLKSWAGEN/9180 COM ELEVADOR HIDRAULICO E CESTO AEREO | K39: 11.726.521/0020-00 | L39: TRANSRIO CAMINHOES, ONIBUS, MAQUINAS E MOTORES LTDA | M39: 12 974072062 ou 12 988939333 | N39: marcus.turner@hotmail.com////Edson.aguiar@transrio.com.br | O39: 1325 | P39: 45696
A40: 16 | B40: E-17/01A/DTS | C40: RETROESCAVADEIRA COM PÁ CARREGADEIRA | D40: 1 | E40: X | F40: X | G40: 474000 | H40: =G40*D40 -> 474000 | I40: AFA | Q40: AGUARDANDO RECURSO
A41: 16 | B41: E-17/01A/DTS | C41: RETROESCAVADEIRA COM PÁ CARREGADEIRA | D41: 1 | E41: X | F41: X | G41: 474000 | H41: =G41*D41 -> 474000 | I41: BACG | Q41: AGUARDANDO RECURSO
A42: 16 | B42: E-17/01A/DTS | C42: RETROESCAVADEIRA COM PÁ CARREGADEIRA | D42: 1 | E42: X | F42: X | G42: 474000 | H42: =G42*D42 -> 474000 | I42: BAFL | Q42: AGUARDANDO RECURSO
A43: 16 | B43: E-17/01A/DTS | C43: RETROESCAVADEIRA COM PÁ CARREGADEIRA | D43: 1 | E43: X | F43: X | G43: 474000 | H43: =G43*D43 -> 474000 | I43: CPBV | Q43: AGUARDANDO RECURSO
A44: 17 | B44: E-19/01A/DTS | C44: CARRO LIMPA FOSSA | D44: 1 | E44: 0 | F44: =D44-E44 -> 1 | G44: 590000 | H44: =G44*D44 -> 590000 | I44: GAP-AF | J44: Volkswagen / Caminhão Costellation 17.210 | K44: 31.306.830/0001-75 | L44: ABOLICAO CAMINHOES E ONIBUS LTDA | M44: 21 3661-9999 // 21 993362877 | N44: catia.ferreira266@gmail.com | O44: 1322 | P44: 45654
A45: 18 | B45: E-26/01A/DTS | C45: FURGÃO FRIGORÍFICO | D45: 1 | E45: 0 | F45: =D45-E45 -> 1 | G45: 390000 | H45: =G45*D45 -> 390000 | I45: GAP-AF | J45: RENAULT / L2H2 TRANSFORMADO | K45: 34.263.393/0001-48 | L45: DELTA COMERCIAL E SERVICOS LTDA | M45: 62 98538-1830 | N45: deltacomercial08@gmail.com | O45: 1006 | P45: 45696
A46: 19 | B46: E-27/01A/DTS | C46: FURGÃO ISOTÉRMICO | D46: 3 | E46: 3 | F46: =D46-E46 -> 0 | G46: 136701 | H46: =G46*D46 -> 410103 | I46: GAP-AF | J46: FIORINO ENDURANCE FLEX | K46: 16.701.716/0001-56 | L46: FCA FIAT CHRYSLER AUTOMOVEIS BRASIL LTDA | M46: 11 993795516 | N46: graziela.souza@stellantis.com // rodrigo.magalhaes@stellantis.com | O46: 1318 | P46: 45653 | Q46: DIVERGÊNCIA ITEM 19 NO SILOMS / COM 1 UNIDADE DISPONÍVEL
A47: 19 | B47: E-27/01A/DTS | C47: FURGÃO ISOTÉRMICO | D47: 3 | E47: 3 | F47: =D47-E47 -> 0 | G47: 136701 | H47: =G47*D47 -> 410103 | I47: GAP-DF | J47: FIORINO ENDURANCE FLEX | K47: 16.701.716/0001-56 | L47: FCA FIAT CHRYSLER AUTOMOVEIS BRASIL LTDA | M47: 11 993795516 | N47: graziela.souza@stellantis.com // rodrigo.magalhaes@stellantis.com | O47: 1318 | P47: 45653
A48: 19 | B48: E-27/01A/DTS | C48: FURGÃO ISOTÉRMICO | D48: 1 | E48: 1 | F48: =D48-E48 -> 0 | G48: 136701 | H48: =G48*D48 -> 136701 | I48: GAP-GL | J48: FIORINO ENDURANCE FLEX | K48: 16.701.716/0001-56 | L48: FCA FIAT CHRYSLER AUTOMOVEIS BRASIL LTDA | M48: 11 993795516 | N48: graziela.souza@stellantis.com // rodrigo.magalhaes@stellantis.com | O48: 1318 | P48: 45653
A49: 19 | B49: E-27/01A/DTS | C49: FURGÃO ISOTÉRMICO | D49: 1 | E49: 1 | F49: =D49-E49 -> 0 | G49: 136701 | H49: =G49*D49 -> 136701 | I49: GAP-RJ | J49: FIORINO ENDURANCE FLEX | K49: 16.701.716/0001-56 | L49: FCA FIAT CHRYSLER AUTOMOVEIS BRASIL LTDA | M49: 11 993795516 | N49: graziela.souza@stellantis.com // rodrigo.magalhaes@stellantis.com | O49: 1318 | P49: 45653
A50: 19 | B50: E-27/01A/DTS | C50: FURGÃO ISOTÉRMICO | D50: 1 | E50: 1 | F50: =D50-E50 -> 0 | G50: 136701 | H50: =G50*D50 -> 136701 | I50: GAP-SP | J50: FIORINO ENDURANCE FLEX | K50: 16.701.716/0001-56 | L50: FCA FIAT CHRYSLER AUTOMOVEIS BRASIL LTDA | M50: 11 993795516 | N50: graziela.souza@stellantis.com // rodrigo.magalhaes@stellantis.com | O50: 1318 | P50: 45653
A51: 20 | B51: P-1/02A/DTS | C51: VEÍCULO ESPECIAL | D51: 1 | E51: X | F51: X | G51: FRACASSADO | H51: FRACASSADO | I51: ERA PRA ONDE? | J51: x | K51: x | L51: x | O51: x | P51: x
A52: 20 | B52: P-1/02A/DTS | C52: VEÍCULO ESPECIAL | D52: 1 | E52: X | F52: X | G52: FRACASSADO | H52: FRACASSADO | I52: CRCEA-SE | J52: x | K52: x | L52: x | O52: x | P52: x
A53: 20 | B53: P-1/02A/DTS | C53: VEÍCULO ESPECIAL | D53: 1 | E53: X | F53: X | G53: FRACASSADO | H53: FRACASSADO | I53: GAP-CO | J53: x | K53: x | L53: x | O53: x | P53: x
A54: 20 | B54: P-1/02A/DTS | C54: VEÍCULO ESPECIAL | D54: 1 | E54: X | F54: X | G54: FRACASSADO | H54: FRACASSADO | I54: GAP-MN | J54: x | K54: x | L54: x | O54: x | P54: x
A55: 21 | B55: P-2/01A/DTS | C55: VEÍCULO DE SERVIÇO | D55: 1 | E55: 1 | F55: =D55-E55 -> 0 | G55: 81572 | H55: =G55*D55 -> 81572 | I55: BAAN | J55: ARGO DRIVE 1.0 | K55: 16.701.716/0001-56 | L55: FCA FIAT CHRYSLER AUTOMOVEIS BRASIL LTDA | M55: 11 993795516 | N55: graziela.souza@stellantis.com // rodrigo.magalhaes@stellantis.com | O55: 1008 | P55: 45696
A56: 21 | B56: P-2/01A/DTS | C56: VEÍCULO DE SERVIÇO | D56: 1 | E56: 1 | F56: =D56-E56 -> 0 | G56: 81572 | H56: =G56*D56 -> 81572 | I56: BAPV | J56: ARGO DRIVE 1.0 | K56: 16.701.716/0001-56 | L56: FCA FIAT CHRYSLER AUTOMOVEIS BRASIL LTDA | M56: 11 993795516 | N56: graziela.souza@stellantis.com // rodrigo.magalhaes@stellantis.com | O56: 1008 | P56: 45696
A57: 21 | B57: P-2/01A/DTS | C57: VEÍCULO DE SERVIÇO | D57: 1 | E57: 1 | F57: =D57-E57 -> 0 | G57: 81572 | H57: =G57*D57 -> 81572 | I57: BASV | J57: ARGO DRIVE 1.0 | K57: 16.701.716/0001-56 | L57: FCA FIAT CHRYSLER AUTOMOVEIS BRASIL LTDA | M57: 11 993795516 | N57: graziela.souza@stellantis.com // rodrigo.magalhaes@stellantis.com | O57: 1008 | P57: 45696
A58: 21 | B58: P-2/01A/DTS | C58: VEÍCULO DE SERVIÇO | D58: 2 | E58: 2 | F58: =D58-E58 -> 0 | G58: 81572 | H58: =G58*D58 -> 163144 | I58: CINDACTA 1 | J58: ARGO DRIVE 1.0 | K58: 16.701.716/0001-56 | L58: FCA FIAT CHRYSLER AUTOMOVEIS BRASIL LTDA | M58: 11 993795516 | N58: graziela.souza@stellantis.com // rodrigo.magalhaes@stellantis.com | O58: 1008 | P58: 45696
A59: 21 | B59: P-2/01A/DTS | C59: VEÍCULO DE SERVIÇO | D59: 9 | E59: 9 | F59: =D59-E59 -> 0 | G59: 81572 | H59: =G59*D59 -> 734148 | I59: CINDACTA 2 | J59: ARGO DRIVE 1.0 | K59: 16.701.716/0001-56 | L59: FCA FIAT CHRYSLER AUTOMOVEIS BRASIL LTDA | M59: 11 993795516 | N59: graziela.souza@stellantis.com // rodrigo.magalhaes@stellantis.com | O59: 1008 | P59: 45696
A60: 21 | B60: P-2/01A/DTS | C60: VEÍCULO DE SERVIÇO | D60: 2 | E60: 2 | F60: =D60-E60 -> 0 | G60: 81572 | H60: =G60*D60 -> 163144 | I60: CRCEA-SE | J60: ARGO DRIVE 1.0 | K60: 16.701.716/0001-56 | L60: FCA FIAT CHRYSLER AUTOMOVEIS BRASIL LTDA | M60: 11 993795516 | N60: graziela.souza@stellantis.com // rodrigo.magalhaes@stellantis.com | O60: 1008 | P60: 45696
A61: 21 | B61: P-2/01A/DTS | C61: VEÍCULO DE SERVIÇO | D61: 1 | E61: 1 | F61: =D61-E61 -> 0 | G61: 81572 | H61: =G61*D61 -> 81572 | I61: EEAR | J61: ARGO DRIVE 1.0 | K61: 16.701.716/0001-56 | L61: FCA FIAT CHRYSLER AUTOMOVEIS BRASIL LTDA | M61: 11 993795516 | N61: graziela.souza@stellantis.com // rodrigo.magalhaes@stellantis.com | O61: 1008 | P61: 45696
A62: 21 | B62: P-2/01A/DTS | C62: VEÍCULO DE SERVIÇO | D62: 1 | E62: 1 | F62: =D62-E62 -> 0 | G62: 81572 | H62: =G62*D62 -> 81572 | I62: GAP-AF | J62: ARGO DRIVE 1.0 | K62: 16.701.716/0001-56 | L62: FCA FIAT CHRYSLER AUTOMOVEIS BRASIL LTDA | M62: 11 993795516 | N62: graziela.souza@stellantis.com // rodrigo.magalhaes@stellantis.com | O62: 1008 | P62: 45696
A63: 21 | B63: P-2/01A/DTS | C63: VEÍCULO DE SERVIÇO | D63: 1 | E63: 1 | F63: =D63-E63 -> 0 | G63: 81572 | H63: =G63*D63 -> 81572 | I63: GAP-DF | J63: ARGO DRIVE 1.0 | K63: 16.701.716/0001-56 | L63: FCA FIAT CHRYSLER AUTOMOVEIS BRASIL LTDA | M63: 11 993795516 | N63: graziela.souza@stellantis.com // rodrigo.magalhaes@stellantis.com | O63: 1008 | P63: 45696
A64: 21 | B64: P-2/01A/DTS | C64: VEÍCULO DE SERVIÇO | D64: 1 | E64: 1 | F64: =D64-E64 -> 0 | G64: 81572 | H64: =G64*D64 -> 81572 | I64: GAP-RJ | J64: ARGO DRIVE 1.0 | K64: 16.701.716/0001-56 | L64: FCA FIAT CHRYSLER AUTOMOVEIS BRASIL LTDA | M64: 11 993795516 | N64: graziela.souza@stellantis.com // rodrigo.magalhaes@stellantis.com | O64: 1008 | P64: 45696
A65: 22 | B65: P-3/01A/DTS | C65: UTILITÁRIO | D65: 5 | E65: X | F65: X | G65: FRACASSADO | H65: FRACASSADO | I65: ERA PRA ONDE? | J65: x | K65: x | L65: x | O65: x | P65: x | Q65: x
A66: 22 | B66: P-3/01A/DTS | C66: UTILITÁRIO | D66: 1 | E66: X | F66: X | G66: FRACASSADO | H66: FRACASSADO | I66: BAAN | J66: x | K66: x | L66: x | O66: x | P66: x | Q66: x
A67: 22 | B67: P-3/01A/DTS | C67: UTILITÁRIO | D67: 1 | E67: X | F67: X | G67: FRACASSADO | H67: FRACASSADO | I67: BAFZ | J67: x | K67: x | L67: x | O67: x | P67: x | Q67: x
A68: 22 | B68: P-3/01A/DTS | C68: UTILITÁRIO | D68: 1 | E68: X | F68: X | G68: FRACASSADO | H68: FRACASSADO | I68: BASV | J68: x | K68: x | L68: x | O68: x | P68: x | Q68: x
A69: 22 | B69: P-3/01A/DTS | C69: UTILITÁRIO | D69: 5 | E69: X | F69: X | G69: FRACASSADO | H69: FRACASSADO | I69: CINDACTA 1 | J69: x | K69: x | L69: x | O69: x | P69: x | Q69: x
A70: 22 | B70: P-3/01A/DTS | C70: UTILITÁRIO | D70: 2 | E70: X | F70: X | G70: FRACASSADO | H70: FRACASSADO | I70: CINDACTA 2 | J70: x | K70: x | L70: x | O70: x | P70: x | Q70: x
A71: 22 | B71: P-3/01A/DTS | C71: UTILITÁRIO | D71: 3 | E71: X | F71: X | G71: FRACASSADO | H71: FRACASSADO | I71: CINDACTA 3 | J71: x | K71: x | L71: x | O71: x | P71: x | Q71: x
A72: 22 | B72: P-3/01A/DTS | C72: UTILITÁRIO | D72: 3 | E72: X | F72: X | G72: FRACASSADO | H72: FRACASSADO | I72: CINDACTA 4 | J72: x | K72: x | L72: x | O72: x | P72: x | Q72: x
A73: 22 | B73: P-3/01A/DTS | C73: UTILITÁRIO | D73: 1 | E73: X | F73: X | G73: FRACASSADO | H73: FRACASSADO | I73: CLA | J73: x | K73: x | L73: x | O73: x | P73: x | Q73: x
A74: 22 | B74: P-3/01A/DTS | C74: UTILITÁRIO | D74: 1 | E74: X | F74: X | G74: FRACASSADO | H74: FRACASSADO | I74: EPCAR | J74: x | K74: x | L74: x | O74: x | P74: x | Q74: x
A75: 22 | B75: P-3/01A/DTS | C75: UTILITÁRIO | D75: 1 | E75: X | F75: X | G75: FRACASSADO | H75: FRACASSADO | I75: GABAER | J75: x | K75: x | L75: x | O75: x | P75: x | Q75: x
A76: 22 | B76: P-3/01A/DTS | C76: UTILITÁRIO | D76: 1 | E76: X | F76: X | G76: FRACASSADO | H76: FRACASSADO | I76: GAP-AF | J76: x | K76: x | L76: x | O76: x | P76: x | Q76: x
... A79: 22 | B79: P-3/01A/DTS | C79: UTILITÁRIO | D79: 1 | E79: X | F79: X | G79: FRACASSADO | H79: FRACASSADO | I79: GAP-RF | J79: x | K79: x | L79: x | O79: x | P79: x | Q79: x
A80: 23 | B80: P-5/01A/DTS | C80: MICROÔNIBUS | D80: 3 | E80: 3 | F80: =D80-E80 -> 0 | G80: 615000 | H80: =G80*D80 -> 1845000 | I80: DECEA | J80: MARCOPOLO/ATTACK 9 EXECUTIVO | K80: 88.611.835/0018-77 | L80: MARCOPOLO SA | M80: (54) 2101 4147 | N80: rodrigo.sartori@volare.com.br | O80: 1320 | P80: 45653
A81: 23 | B81: P-5/01A/DTS | C81: MICROÔNIBUS | D81: 1 | E81: 1 | F81: =D81-E81 -> 0 | G81: 615000 | H81: =G81*D81 -> 615000 | I81: CINDACTA 1 | J81: MARCOPOLO/ATTACK 9 EXECUTIVO | K81: 88.611.835/0018-77 | L81: MARCOPOLO SA | M81: (54) 2101 4148 | N81: rodrigo.sartori@volare.com.br | O81: 1320 | P81: 45653
A82: 23 | B82: P-5/01A/DTS | C82: MICROÔNIBUS | D82: 3 | E82: 3 | F82: =D82-E82 -> 0 | G82: 615000 | H82: =G82*D82 -> 1845000 | I82: CINDACTA 2 | J82: MARCOPOLO/ATTACK 9 EXECUTIVO | K82: 88.611.835/0018-77 | L82: MARCOPOLO SA | M82: (54) 2101 4149 | N82: rodrigo.sartori@volare.com.br | O82: 1320 | P82: 45653
A83: 23 | B83: P-5/01A/DTS | C83: MICROÔNIBUS | D83: 1 | E83: 1 | F83: =D83-E83 -> 0 | G83: 615000 | H83: =G83*D83 -> 615000 | I83: CINDACTA 3 | J83: MARCOPOLO/ATTACK 9 EXECUTIVO | K83: 88.611.835/0018-77 | L83: MARCOPOLO SA | M83: (54) 2101 4150 | N83: rodrigo.sartori@volare.com.br | O83: 1320 | P83: 45653
A84: 23 | B84: P-5/01A/DTS | C84: MICROÔNIBUS | D84: 1 | E84: 1 | F84: =D84-E84 -> 0 | G84: 615000 | H84: =G84*D84 -> 615000 | I84: GAP-AF | J84: MARCOPOLO/ATTACK 9 EXECUTIVO | K84: 88.611.835/0018-77 | L84: MARCOPOLO SA | M84: (54) 2101 4151 | N84: rodrigo.sartori@volare.com.br | O84: 1320 | P84: 45653
A85: 23 | B85: P-5/01A/DTS | C85: MICROÔNIBUS | D85: 1 | E85: 1 | F85: =D85-E85 -> 0 | G85: 615000 | H85: =G85*D85 -> 615000 | I85: GAP-BR | J85: MARCOPOLO/ATTACK 9 EXECUTIVO | K85: 88.611.835/0018-77 | L85: MARCOPOLO SA | M85: (54) 2101 4152 | N85: rodrigo.sartori@volare.com.br | O85: 1320 | P85: 45653
A86: 23 | B86: P-5/01A/DTS | C86: MICROÔNIBUS | D86: 1 | E86: 1 | F86: =D86-E86 -> 0 | G86: 615000 | H86: =G86*D86 -> 615000 | I86: GAP-GL | J86: MARCOPOLO/ATTACK 9 EXECUTIVO | K86: 88.611.835/0018-77 | L86: MARCOPOLO SA | M86: (54) 2101 4153 | N86: rodrigo.sartori@volare.com.br | O86: 1320 | P86: 45653
A87: 23 | B87: P-5/01A/DTS | C87: MICROÔNIBUS | D87: 1 | E87: 1 | F87: =D87-E87 -> 0 | G87: 615000 | H87: =G87*D87 -> 615000 | I87: GAP-LS | J87: MARCOPOLO/ATTACK 9 EXECUTIVO | K87: 88.611.835/0018-77 | L87: MARCOPOLO SA | M87: (54) 2101 4154 | N87: rodrigo.sartori@volare.com.br | O87: 1320 | P87: 45653
A88: 24 | B88: P-6/01A/DTS | C88: ÔNIBUS | D88: 2 | E88: 2 | F88: =D88-E88 -> 0 | G88: 969000 | H88: =G88*D88 -> 1938000 | I88: DECEA | J88: VOLKSWAGEN/17230 ONIBUS 47 + 1 LUGARES | K88: 11.726.521/0020-00 | L88: TRANSRIO CAMINHOES, ONIBUS, MAQUINAS E MOTORES LTDA | M88: 12 974072062 ou 12 988939333 | N88: marcus.turner@hotmail.com////Edson.aguiar@transrio.com.br | O88: 1325 | P88: 45696
A89: 24 | B89: P-6/01A/DTS | C89: ÔNIBUS | D89: 1 | E89: 1 | F89: =D89-E89 -> 0 | G89: 969000 | H89: =G89*D89 -> 969000 | I89: BASC | J89: VOLKSWAGEN/17230 ONIBUS 47 + 1 LUGARES | K89: 11.726.521/0020-00 | L89: TRANSRIO CAMINHOES, ONIBUS, MAQUINAS E MOTORES LTDA | M89: 12 974072062 ou 12 988939333 | N89: marcus.turner@hotmail.com////Edson.aguiar@transrio.com.br | O89: 1325 | P89: 45696
A90: 24 | B90: P-6/01A/DTS | C90: ÔNIBUS | D90: 1 | E90: 1 | F90: =D90-E90 -> 0 | G90: 969000 | H90: =G90*D90 -> 969000 | I90: BASM | J90: VOLKSWAGEN/17230 ONIBUS 47 + 1 LUGARES | K90: 11.726.521/0020-00 | L90: TRANSRIO CAMINHOES, ONIBUS, MAQUINAS E MOTORES LTDA | M90: 12 974072062 ou 12 988939333 | N90: marcus.turner@hotmail.com////Edson.aguiar@transrio.com.br | O90: 1325 | P90: 45696
A91: 24 | B91: P-6/01A/DTS | C91: ÔNIBUS | D91: 1 | E91: 1 | F91: =D91-E91 -> 0 | G91: 969000 | H91: =G91*D91 -> 969000 | I91: CINDACTA 1 | J91: VOLKSWAGEN/17230 ONIBUS 47 + 1 LUGARES | K91: 11.726.521/0020-00 | L91: TRANSRIO CAMINHOES, ONIBUS, MAQUINAS E MOTORES LTDA | M91: 12 974072062 ou 12 988939333 | N91: marcus.turner@hotmail.com////Edson.aguiar@transrio.com.br | O91: 1325 | P91: 45696
... A96: 24 | B96: P-6/01A/DTS | C96: ÔNIBUS | D96: 1 | E96: 1 | F96: =D96-E96 -> 0 | G96: 969000 | H96: =G96*D96 -> 969000 | I96: PAMERJ | J96: VOLKSWAGEN/17230 ONIBUS 47 + 1 LUGARES | K96: 11.726.521/0020-00 | L96: TRANSRIO CAMINHOES, ONIBUS, MAQUINAS E MOTORES LTDA | M96: 12 974072062 ou 12 988939333 | N96: marcus.turner@hotmail.com////Edson.aguiar@transrio.com.br | O96: 1325 | P96: 45696
A97: 25 | B97: P-8/01A/DTS | C97: MOTOCICLETA NORMAL | D97: 1 | E97: 0 | F97: =D97-E97 -> 1 | G97: FRACASSADO | H97: FRACASSADO | I97: ERA PRA ONDE? | J97: x | K97: x | L97: x | O97: x | P97: x | Q97: x
A98: 26 | B98: P-11/01A/DTS | C98: PICK UP CABINE DUPLA | D98: 1 | E98: 1 | F98: =D98-E98 -> 0 | G98: 255750 | H98: =G98*D98 -> 255750 | I98: AFA | J98: FORD RANGER | K98: 03.470.727/0041-18 | L98: FORD MOTOR COMPANY BRASIL LTDA | M98: 11 41745713 | N98: dmassini@ford.com, bsanto66@ford.com, jcinotti@ford.com | O98: 1324 | P98: 45654
A99: 26 | B99: P-11/01A/DTS | C99: PICK UP CABINE DUPLA | D99: 1 | E99: 1 | F99: =D99-E99 -> 0 | G99: 255750 | H99: =G99*D99 -> 255750 | I99: BABV | J99: FORD RANGER | K99: 03.470.727/0041-18 | L99: FORD MOTOR COMPANY BRASIL LTDA | M99: 11 41745713 | N99: dmassini@ford.com, bsanto66@ford.com, jcinotti@ford.com | O99: 1324 | P99: 45654
A100: 26 | B100: P-11/01A/DTS | C100: PICK UP CABINE DUPLA | D100: 1 | E100: 1 | F100: =D100-E100 -> 0 | G100: 255750 | H100: =G100*D100 -> 255750 | I100: BAFZ | J100: FORD RANGER | K100: 03.470.727/0041-18 | L100: FORD MOTOR COMPANY BRASIL LTDA | M100: 11 41745713 | N100: dmassini@ford.com, bsanto66@ford.com, jcinotti@ford.com | O100: 1324 | P100: 45654
A101: 26 | B101: P-11/01A/DTS | C101: PICK UP CABINE DUPLA | D101: 1 | E101: 1 | F101: =D101-E101 -> 0 | G101: 255750 | H101: =G101*D101 -> 255750 | I101: BANT | J101: FORD RANGER | K101: 03.470.727/0041-18 | L101: FORD MOTOR COMPANY BRASIL LTDA | M101: 11 41745713 | N101: dmassini@ford.com, bsanto66@ford.com, jcinotti@ford.com | O101: 1324 | P101: 45654
A102: 26 | B102: P-11/01A/DTS | C102: PICK UP CABINE DUPLA | D102: 1 | E102: 1 | F102: =D102-E102 -> 0 | G102: 255750 | H102: =G102*D102 -> 255750 | I102: BASM | J102: FORD RANGER | K102: 03.470.727/0041-18 | L102: FORD MOTOR COMPANY BRASIL LTDA | M102: 11 41745713 | N102: dmassini@ford.com, bsanto66@ford.com, jcinotti@ford.com | O102: 1324 | P102: 45654
A103: 26 | B103: P-11/01A/DTS | C103: PICK UP CABINE DUPLA | D103: 1 | E103: 1 | F103: =D103-E103 -> 0 | G103: 255750 | H103: =G103*D103 -> 255750 | I103: CINDACTA 2 | J103: FORD RANGER | K103: 03.470.727/0041-18 | L103: FORD MOTOR COMPANY BRASIL LTDA | M103: 11 41745713 | N103: dmassini@ford.com, bsanto66@ford.com, jcinotti@ford.com | O103: 1324 | P103: 45654
A104: 26 | B104: P-11/01A/DTS | C104: PICK UP CABINE DUPLA | D104: 8 | E104: 8 | F104: =D104-E104 -> 0 | G104: 255750 | H104: =G104*D104 -> 2046000 | I104: CINDACTA 3 | J104: FORD RANGER | K104: 03.470.727/0041-18 | L104: FORD MOTOR COMPANY BRASIL LTDA | M104: 11 41745713 | N104: dmassini@ford.com, bsanto66@ford.com, jcinotti@ford.com | O104: 1324 | P104: 45654
A105: 26 | B105: P-11/01A/DTS | C105: PICK UP CABINE DUPLA | D105: 4 | E105: 4 | F105: =D105-E105 -> 0 | G105: 255750 | H105: =G105*D105 -> 1023000 | I105: CINDACTA 4 | J105: FORD RANGER | K105: 03.470.727/0041-18 | L105: FORD MOTOR COMPANY BRASIL LTDA | M105: 11 41745713 | N105: dmassini@ford.com, bsanto66@ford.com, jcinotti@ford.com | O105: 1324 | P105: 45654
A106: 26 | B106: P-11/01A/DTS | C106: PICK UP CABINE DUPLA | D106: 1 | E106: 1 | F106: =D106-E106 -> 0 | G106: 255750 | H106: =G106*D106 -> 255750 | I106: EPCAR | J106: FORD RANGER | K106: 03.470.727/0041-18 | L106: FORD MOTOR COMPANY BRASIL LTDA | M106: 11 41745713 | N106: dmassini@ford.com, bsanto66@ford.com, jcinotti@ford.com | O106: 1324 | P106: 45654
A107: 26 | B107: P-11/01A/DTS | C107: PICK UP CABINE DUPLA | D107: 1 | E107: 1 | F107: =D107-E107 -> 0 | G107: 255750 | H107: =G107*D107 -> 255750 | I107: GABAER | J107: FORD RANGER | K107: 03.470.727/0041-18 | L107: FORD MOTOR COMPANY BRASIL LTDA | M107: 11 41745713 | N107: dmassini@ford.com, bsanto66@ford.com, jcinotti@ford.com | O107: 1324 | P107: 45654
A108: 26 | B108: P-11/01A/DTS | C108: PICK UP CABINE DUPLA | D108: 1 | E108: 1 | F108: =D108-E108 -> 0 | G108: 255750 | H108: =G108*D108 -> 255750 | I108: GAP-BE | J108: FORD RANGER | K108: 03.470.727/0041-18 | L108: FORD MOTOR COMPANY BRASIL LTDA | M108: 11 41745713 | N108: dmassini@ford.com, bsanto66@ford.com, jcinotti@ford.com | O108: 1324 | P108: 45654
A109: 26 | B109: P-11/01A/DTS | C109: PICK UP CABINE DUPLA | D109: 1 | E109: 1 | F109: =D109-E109 -> 0 | G109: 255750 | H109: =G109*D109 -> 255750 | I109: GAP-CO | J109: FORD RANGER | K109: 03.470.727/0041-18 | L109: FORD MOTOR COMPANY BRASIL LTDA | M109: 11 41745713 | N109: dmassini@ford.com, bsanto66@ford.com, jcinotti@ford.com | O109: 1324 | P109: 45654
... A134: 29 | B134: P-14/01A/DTS | C134: VAN | D134: 1 | E134: 1 | F134: =D134-E134 -> 0 | G134: 295200 | H134: =G134*D134 -> 295200 | I134: GAP-BR | J134: FORD TRANSIT MINIBUS | K134: 03.470.727/0041-18 | L134: FORD MOTOR COMPANY BRASIL LTDA | M134: 11 41745713 | N134: dmassini@ford.com, bsanto66@ford.com, jcinotti@ford.com | O134: 1319 | P134: 45653
A135: 30 | B135: P-15/01A/DTS | C135: CARRO PATRULHA | D135: 1 | E135: 0 | F135: =D135-E135 -> 1 | G135: REVOGADO | H135: REVOGADO | I135: ERA PRA ONDE? | J135: x | K135: x | L135: x | O135: x | P135: x | Q135: x
A136: 30 | B136: P-15/01A/DTS | C136: CARRO PATRULHA | D136: 1 | E136: 0 | F136: =D136-E136 -> 1 | G136: REVOGADO | H136: REVOGADO | I136: AFA | J136: x | K136: x | L136: x | O136: x | P136: x | Q136: x
A137: 30 | B137: P-15/01A/DTS | C137: CARRO PATRULHA | D137: 1 | E137: 0 | F137: =D137-E137 -> 1 | G137: REVOGADO | H137: REVOGADO | I137: BAAN | J137: x | K137: x | L137: x | O137: x | P137: x | Q137: x
A138: 30 | B138: P-15/01A/DTS | C138: CARRO PATRULHA | D138: 1 | E138: 0 | F138: =D138-E138 -> 1 | G138: REVOGADO | H138: REVOGADO | I138: BABV | J138: x | K138: x | L138: x | O138: x | P138: x | Q138: x
...

Sheet PREPARATIVO PLANO AQUISIÇÃO
A3: P0 | B3: 2 | C3: ='90186_2024'!G170 -> 535295 | E3: COROLLA
A4: P1 | B4: LICITAR | F4: 20 | G4: TIPO COROLLA | H4: 16 BSB | I4: 2 RJ | J4: 2 SP | K4: COR PRATA
A5: P2 | B5: 10 | C5: 81500 | E5: KWID
A6: P3 | C6: 125197.29 | D6: 90186 | E6: AIRCROSS
C7: 132825 | D7: 90121 | E7: AIRCROSS
A15: CÓDIGO | B15: TIPO | C15: DESCRIÇÃO | D15: COR | E15: pregao | G15: quantidade disponível | H15: valor
A16: P-0 | B16: Veículo de Representação | C16: Automóvel de 4 portas, modelo sedan grande ou SUV, potência mínima de 185 CV. | D16: Prata ou preta do fabricante | E16: 90186_2024 | G16: ='90186_2024'!F170 -> 2 | H16: ='90186_2024'!G170 -> 535295
A17: P-1 | B17: Veículo Especial | C17: Automóvel de 4 portas, modelo sedan médio ou grande, potência mínima de 87 CV. | D17: Branca, prata ou preta do fabricante
A18: P-2 | B18: Veículo de Serviço | C18: Automóvel de 2 ou 4 portas, modelo hatch, potência mínima de 66 CV. | D18: Branca do fabricante
A19: P-3 | B19: Utilitário (Caminhonete) | C19: Veículo de porte médio com capacidade de até 9 pessoas. | D19: Branca do fabricante
A20: P-4 | B20: Jipe | C20: Veículo de serviço de múltiplo uso, para transporte de 4 a 5 pessoas, com tração em 2 ou 4 rodas. | D20: Camuflado
A21: P-5 | B21: Micro-ônibus | C21: Veículo para transporte coletivo, com capacidade de 19 a 31 pessoas sentadas. | D21: Branca do fabricante
A22: P-6 | B22: Ônibus | C22: Veículo para transporte coletivo, com capacidade superior a 31 pessoas sentadas. | D22: Branca do fabricante
A23: P-7 | B23: Caminhão Militar | C23: Veículo com cobertura tipo toldo e bancos laterais e/ou centrais escamoteáveis, para transporte de tropas. | D23: Camuflado
A24: P-8 | B24: Motocicleta Normal | C24: Veículo destinado às atividades administrativas, provido de depósito para transporte de pequenos volumes. | D24: Branca do fabricante
A25: P-9 | B25: Motocicleta Policial | C25: Veículo com equipamentos especiais destinados às atividades de patrulhamento e escolta. | D25: Branca do fabricante
A26: P-10 | B26: Motocicleta Trail | C26: Veículo destinado às atividades de patrulhamento policial em áreas acidentadas ou de difícil acesso. | D26: Camuflado
A27: P-11 | B27: “Pick up” Cabine Dupla | C27: Veículo de porte médio destinado ao transporte de pessoal e de carga com capacidade para 5 pessoas e capacidade mínima de carga de 1.000 kg. | D27: Branca do fabricante
A28: P-12 | B28: Carro de Operações | C28: Veículo destinado ao transporte de tripulações e equipagens. | D28: Amarelo Munsell
... A75: E-28 | B75: Furgão Leve para Comando e Controle | C75: Veículo fechado e adaptador para atuar como Posto de Comando e/ou Central Móvel de Vigilância Eletrônica. | D75: Camuflado
